group,D_um,label,bias_V,file,md5,date,time,V_header,Iph_initial_mA,Iph_in_name_mA,s2p_loss_file,lam3_nm,lam4_nm,t_sweep_s,N_rows,N_clean,rows_dropped,rows_dedup,f_min_GHz,f_max_GHz,nonmono_restart,P_at_fmin_dBm,P_dc_cubic_dBm,P_10GHz_dBm,P_15GHz_dBm,P_20GHz_dBm,dB_10GHz_rel_dc,dB_15GHz_rel_dc,dB_20GHz_rel_dc,cubic_resid_rms_dB,f3dB_cubic_GHz,f3dB_source,f3dB_over_fmax,IPD_mean_mA,IPD_min_mA,IPD_max_mA,VOA_mean_dBm,Rm_S11_10MHz_ohm,S11_file,P_ideal_at_Iph_dBm,level_minus_ideal_dB,Iph_implied_ideal_mA,R_from_IPD_ohm,Iph_implied_vs_WOoffset_mA,R_from_IPD_vs_WOoffset_ohm,R_IPD_over_R_S11,used_in_ft_userbw,exp_fT_implied_GHz,exp_f3dB_fit_le14p8_GHz,exp_f3dB_fit_le20_GHz,exp_f3dB_refmin_GHz,exp_f3dB_other_lossfile_GHz
40V1,40,WO,-7,data_PD0008_1/Bandwidth/40um/Bias_-7V_Iph_1mA.xlsx,239b4637,02/04/2026,16:49:37,-7.0,-1.06,1.0,Cal.s2p,1555.7,1555.048,703.64,45,45,0,0,0.33,22.5,0,-15.77,-15.954240888782996,-18.999399999999998,-21.36,-26.57,-3.045159111217002,-5.405759111217003,-10.615759111217004,0.3088867177707174,10.166999677071999,poly3,0.45186665231431106,-1.0507555555555554,-1.062,-1.036,6.095577777777778,inf,,-15.514482607984217,-0.2555173920157827,1.0292716140274538,,1.070731334988186,,,False,15.067222568203551,9.343861310749283,9.686277303615118,10.288574806740172,9.84609942480833
40V1,40,WO,-7,data_PD0008_1/Bandwidth/40um/Bias_-7V_Iph_1mA_diff_pol.xlsx,77954fd0,02/04/2026,17:00:53,-7.0,-1.057,1.0,Cal.s2p,1555.7,1555.055,469.21,30,30,0,0,0.67,14.83,0,-15.84,-15.745138844365036,-18.7792,,,-3.034061155634964,,,0.23350413588949667,10.528126180270425,poly3,0.7099208482987475,-1.0691333333333335,-1.074,-1.057,6.1464,inf,,-15.5391001671311,-0.3008998328689003,1.0210099999508127,,1.0621369377961505,,,False,16.324302561562032,10.405377862052337,10.528126180270425,10.946932367362718,10.353057105589498
40V1,40,WO,-9,data_PD0008_1/Bandwidth/40um/Bias_-9V_Iph_1mA_diff_pol.xlsx,4e0b7c01,02/04/2026,17:11:05,-9.0,-1.086,1.0,Cal.s2p,1555.7,1555.055,469.03,30,30,0,0,0.5,15.33,0,-15.68,-15.591645248679319,-18.0566,-20.252399999999998,,-2.464954751320681,-4.660754751320679,,0.24187500956349414,11.489700212358809,poly3,0.749491207590268,-1.0801,-1.086,-1.07,6.152166666666665,inf,,-15.304003408223059,-0.375996591776941,1.0399919930670318,,1.0818835377733302,,,False,,11.22547594409903,11.489700212358809,11.807369512788993,11.11144586929065
40V1,40,WO,-7,data_PD0008_1/Bandwidth/40um/WO_bias__7V_Iph_1mA_#2.xlsx,62da8a20,02/04/2026,18:48:07,-7.0,-1.073,1.0,Cal.s2p,1555.7,1555.053,500.61,32,32,0,0,0.5,16.33,0,-15.78,-15.617910400074425,-17.18,-19.199253731343283,,-1.5620895999255744,-3.581343331268858,,0.2557140152541676,13.764950735869299,poly3,0.842924111198365,-1.0738124999999998,-1.077,-1.068,6.3965,inf,,-15.408605473960602,-0.3713945260393974,1.028087303164852,,1.0694993193242228,,,False,343.74916636269774,13.690980792638882,13.764950735869299,14.010209799189326,13.45559001273126
40V1,40,140,-7,data_PD0008_1/Bandwidth/40um/140hom/Bias_-7V_Iph_1mA_120ohm.xlsx,9a707201,02/04/2026,17:28:30,-7.0,-49.109,1.0,Cal.s2p,1555.7,1555.055,469.08,30,30,0,0,0.5,15.5,0,-18.48,-18.38062632479708,-19.585,-21.58,,-1.2043736752029197,-3.199373675202917,,0.16835402482350856,14.472617014306902,poly3,0.9337172267294775,-49.11299999999998,-49.117,-49.106,6.387366666666666,142.52653410946385,data_PD0008_1/S11/40um/140ohm_V1/S11_-7V_120ohm.s1p,15.190724534348444,-33.670724534348444,1.0177119265180306,145.55650889001396,1.058706015849558,145.68069036807503,1.0221303091267813,False,22.71915738009051,,14.472617014306902,14.644010670164056,14.328582776700996
40V1,40,40,-7,data_PD0008_1/Bandwidth/40um/40ohm/Bias_-7V_Iph_1mA_36ohm.xlsx,f9dbf834,02/04/2026,18:07:33,-7.0,-161.566,1.0,Cal.s2p,1555.7,1555.062,625.42,40,40,0,0,0.67,20.33,0,-23.89,-23.889189551407288,-24.644626865671643,-25.895,-28.804199999999998,-0.7554373142643556,-2.0058104485927117,-4.91501044859271,0.1773279406446406,16.895448297291118,poly3,0.8310599260841672,-161.432925,-161.566,-161.365,6.37285,42.52385943293988,data_PD0008_1/S11/40um/40ohm_V1/S11_-7V_36ohm.s1p,21.393978221282566,-45.28397822128257,0.8793283229892945,43.56304058665423,0.9147482319881962,43.572645235957076,1.0246634669807224,False,20.229794155761674,,16.76705061599375,16.985756967119375,16.428877210561556
40V1,40,100,-7,data_PD0008_1/Bandwidth/40um/100ohm/Bias_-7V_Iph_1mA.xlsx,aa84e1df,02/04/2026,18:30:35,-7.0,-65.454,1.0,Cal.s2p,1555.7,1555.057,625.54,40,40,0,0,0.67,20.67,0,-18.77,-18.913283678891084,-19.9682,-22.0064,-25.7352,-1.0549163211089159,-3.0931163211089157,-6.821916321108915,0.2264304969341353,14.764084398614465,poly3,0.714275974775736,-65.43345,-65.454,-65.413,6.7089,107.54213960347053,data_PD0008_1/S11/40um/100ohm_V1/S11_-7V.s1p,16.981762596190723,-35.75176259619072,1.0674512799960054,108.7183602656,1.1104489023968016,108.79101138483404,1.0116128597214855,False,21.72466011840364,14.179243581291685,14.756852776580468,14.830541353438656,14.257209386937193
40V2,40,WO,-5,data_PD0008_1/Bandwidth/40um/V2/WO/Bias_-5V_Iph_1mA.xlsx,f8909e60,02/25/2026,20:52:01,-5.0,-1.012,1.0,S21_cal_bias_tee_cal.s2p,1555.7,1554.996,576.16,37,32,0,5,0.33,14.67,1,-16.26,-16.524911996753524,-19.78,,,-3.2550880032464775,,,0.32932672713288846,10.027380830211536,poly3,0.6835297089442083,-1.021891891891892,-1.031,-1.011,5.471189189189189,inf,,-15.916989663204015,-0.34301033679598625,0.9728144113829227,,1.012,,,False,21.3503004739624,10.027380830211536,10.027380830211536,9.98592508383193,10.15909447043147
40V2,40,80,-7,data_PD0008_1/Bandwidth/40um/V2/40 ohm/Bias_-7V_Iph_1mA.xlsx,c361eb3e,02/25/2026,21:32:07,-7.0,-86.564,1.0,S21_cal_bias_tee_cal.s2p,1555.7,1555.035,644.51,40,40,0,0,0.33,20.83,0,-20.68,-20.8692603523355,-22.16,-23.109199999999998,-24.435000000000002,-1.2907396476645019,-2.2399396476644995,-3.565739647664504,0.28333193680926483,16.11721434233676,poly3,0.7737500884463159,-86.53970000000001,-86.564,-86.528,5.4037749999999996,80.34907342646851,data_PD0008_1/S11/40um/80ohm_V2/S11_-7V.s1p,18.52360490458248,-39.20360490458248,0.9487615395054999,81.7611458645883,0.9869782630118024,81.79765850596847,1.0180286469740767,False,23.91465515076897,,16.030587137547432,16.060545645093747,16.824037901035158
40V2,40,80,-5,data_PD0008_1/Bandwidth/40um/V2/40 ohm/Bias_-5V_Iph_1mA.xlsx,38dc982f,02/25/2026,21:16:19,-5.0,-65.09,1.0,S21_cal_bias_tee_cal.s2p,1555.7,1555.037,467.69,30,30,0,0,0.5,16.0,0,-21.03,-21.325226496204678,-22.91,-23.7476,,-1.5847735037953221,-2.4223735037953205,,0.2111042940734276,15.967454416582614,raw,0.9979659010364134,-65.08476666666665,-65.09,-65.079,5.407333333333335,77.17008451359483,data_PD0008_1/S11/40um/80ohm_V2/S11_-5V.s1p,15.910965836848792,-36.94096583684879,0.9256908686224915,77.92494094750425,0.9629782907042228,77.97025133439506,1.010368873195406,False,30.665158511856372,14.235571610346794,15.967454416582614,,
15dup,40,WO,-7,data_PD0008_1/Bandwidth/40um/V2/WO/Bias_-7V_Iph_1mA.xlsx,bbe9fb58,02/04/2026,13:33:49,-7.0,-1.019,1.0,Cal.s2p,1555.7,1555.043,906.61,58,57,0,1,0.5,29.42,2,-16.18,-16.177863225722955,-16.58,-16.360799999999998,-15.755,-0.402136774277043,-0.18293677427704225,0.42286322572295454,0.7448268210206731,27.28603356182246,poly3,0.9274654507757464,-1.0081724137931032,-1.019,-0.994,6.3101379310344825,inf,,-15.857116233151096,-0.3228837668489035,0.9818157523052061,,1.021363920709605,,,False,inf,5.120958698785618,5.140943541187671,27.51288917601544,26.931586316646435
15dup,15,WO,-7,data_PD0008_1/Bandwidth/15um/H.V/WO/Bias_-7V_Iph_1mA.xlsx,bbe9fb58,02/04/2026,13:33:49,-7.0,-1.019,1.0,Cal.s2p,1555.7,1555.043,906.61,58,57,0,1,0.5,29.42,2,-16.18,-16.177863225722955,-16.58,-16.360799999999998,-15.755,-0.402136774277043,-0.18293677427704225,0.42286322572295454,0.7448268210206731,27.28603356182246,poly3,0.9274654507757464,-1.0081724137931032,-1.019,-0.994,6.3101379310344825,inf,,-15.857116233151096,-0.3228837668489035,0.9818157523052061,,1.021363920709605,,,False,,5.120958698785618,5.140943541187671,27.51288917601544,26.931586316646435
40V1,40,WO,-7,data_bw_user/Bias_7V_Iph_1mA_40um_WO_3.xlsx,239b4637,02/04/2026,16:49:37,-7.0,-1.06,1.0,Cal.s2p,1555.7,1555.048,703.64,45,45,0,0,0.33,22.5,0,-15.77,-15.954240888782996,-18.999399999999998,-21.36,-26.57,-3.045159111217002,-5.405759111217003,-10.615759111217004,0.3088867177707174,10.166999677071999,poly3,0.45186665231431106,-1.0507555555555554,-1.062,-1.036,6.095577777777778,inf,,-15.514482607984217,-0.2555173920157827,1.0292716140274538,,1.070731334988186,,,True,15.067222568203551,9.343861310749283,9.686277303615118,10.288574806740172,9.84609942480833
15dup,40,WO,-7,data_bw_user/Bias_7V_Iph_1mA_40um_WO_2.xlsx,bbe9fb58,02/04/2026,13:33:49,-7.0,-1.019,1.0,Cal.s2p,1555.7,1555.043,906.61,58,57,0,1,0.5,29.42,2,-16.18,-16.177863225722955,-16.58,-16.360799999999998,-15.755,-0.402136774277043,-0.18293677427704225,0.42286322572295454,0.7448268210206731,27.28603356182246,poly3,0.9274654507757464,-1.0081724137931032,-1.019,-0.994,6.3101379310344825,inf,,-15.857116233151096,-0.3228837668489035,0.9818157523052061,,1.021363920709605,,,False,inf,5.120958698785618,5.140943541187671,27.51288917601544,26.931586316646435
40V2,40,WO,-5,data_bw_user/Bias_5V_Iph_1mA_40um_WO_2.xlsx,f8909e60,02/25/2026,20:52:01,-5.0,-1.012,1.0,S21_cal_bias_tee_cal.s2p,1555.7,1554.996,576.16,37,32,0,5,0.33,14.67,1,-16.26,-16.524911996753524,-19.78,,,-3.2550880032464775,,,0.32932672713288846,10.027380830211536,poly3,0.6835297089442083,-1.021891891891892,-1.031,-1.011,5.471189189189189,inf,,-15.916989663204015,-0.34301033679598625,0.9728144113829227,,1.012,,,True,21.3503004739624,10.027380830211536,10.027380830211536,9.98592508383193,10.15909447043147
40V1,40,100,-7,data_bw_user/Bias_7V_Iph_1mA_40um_100ohm_1.xlsx,aa84e1df,02/04/2026,18:30:35,-7.0,-65.454,1.0,Cal.s2p,1555.7,1555.057,625.54,40,40,0,0,0.67,20.67,0,-18.77,-18.913283678891084,-19.9682,-22.0064,-25.7352,-1.0549163211089159,-3.0931163211089157,-6.821916321108915,0.2264304969341353,14.764084398614465,poly3,0.714275974775736,-65.43345,-65.454,-65.413,6.7089,107.54213960347053,data_PD0008_1/S11/40um/100ohm_V1/S11_-7V.s1p,16.981762596190723,-35.75176259619072,1.0674512799960054,108.7183602656,1.1104489023968016,108.79101138483404,1.0116128597214855,True,21.72466011840364,14.179243581291685,14.756852776580468,14.830541353438656,14.257209386937193
40V1,40,40,-7,data_bw_user/Bias_7V_Iph_1mA_40um_38ohm_1.xlsx,f9dbf834,02/04/2026,18:07:33,-7.0,-161.566,1.0,Cal.s2p,1555.7,1555.062,625.42,40,40,0,0,0.67,20.33,0,-23.89,-23.889189551407288,-24.644626865671643,-25.895,-28.804199999999998,-0.7554373142643556,-2.0058104485927117,-4.91501044859271,0.1773279406446406,16.895448297291118,poly3,0.8310599260841672,-161.432925,-161.566,-161.365,6.37285,42.52385943293988,data_PD0008_1/S11/40um/40ohm_V1/S11_-7V_36ohm.s1p,21.393978221282566,-45.28397822128257,0.8793283229892945,43.56304058665423,0.9147482319881962,43.572645235957076,1.0246634669807224,True,20.229794155761674,,16.76705061599375,16.985756967119375,16.428877210561556
40V1,40,140,-7,data_bw_user/Bias_7V_Iph_1mA_120ohm_40um_140ohm_1.xlsx,9a707201,02/04/2026,17:28:30,-7.0,-49.109,1.0,Cal.s2p,1555.7,1555.055,469.08,30,30,0,0,0.5,15.5,0,-18.48,-18.38062632479708,-19.585,-21.58,,-1.2043736752029197,-3.199373675202917,,0.16835402482350856,14.472617014306902,poly3,0.9337172267294775,-49.11299999999998,-49.117,-49.106,6.387366666666666,142.52653410946385,data_PD0008_1/S11/40um/140ohm_V1/S11_-7V_120ohm.s1p,15.190724534348444,-33.670724534348444,1.0177119265180306,145.55650889001396,1.058706015849558,145.68069036807503,1.0221303091267813,True,22.71915738009051,,14.472617014306902,14.644010670164056,14.328582776700996
40V2,40,80,-7,data_bw_user/Bias_7V_Iph_1mA_40um_38ohm_2.xlsx,c361eb3e,02/25/2026,21:32:07,-7.0,-86.564,1.0,S21_cal_bias_tee_cal.s2p,1555.7,1555.035,644.51,40,40,0,0,0.33,20.83,0,-20.68,-20.8692603523355,-22.16,-23.109199999999998,-24.435000000000002,-1.2907396476645019,-2.2399396476644995,-3.565739647664504,0.28333193680926483,16.11721434233676,poly3,0.7737500884463159,-86.53970000000001,-86.564,-86.528,5.4037749999999996,80.34907342646851,data_PD0008_1/S11/40um/80ohm_V2/S11_-7V.s1p,18.52360490458248,-39.20360490458248,0.9487615395054999,81.7611458645883,0.9869782630118024,81.79765850596847,1.0180286469740767,True,23.91465515076897,,16.030587137547432,16.060545645093747,16.824037901035158
40V2,40,80,-5,data_bw_user/Bias_5V_Iph_1mA_40um_38ohm_2.xlsx,38dc982f,02/25/2026,21:16:19,-5.0,-65.09,1.0,S21_cal_bias_tee_cal.s2p,1555.7,1555.037,467.69,30,30,0,0,0.5,16.0,0,-21.03,-21.325226496204678,-22.91,-23.7476,,-1.5847735037953221,-2.4223735037953205,,0.2111042940734276,15.967454416582614,raw,0.9979659010364134,-65.08476666666665,-65.09,-65.079,5.407333333333335,77.17008451359483,data_PD0008_1/S11/40um/80ohm_V2/S11_-5V.s1p,15.910965836848792,-36.94096583684879,0.9256908686224915,77.92494094750425,0.9629782907042228,77.97025133439506,1.010368873195406,True,30.665158511856372,14.235571610346794,15.967454416582614,,
35,35,WO,-7,data_PD0008_1/Bandwidth/35um/Bias_-7V_Iph_1mA.xlsx,5683c59a,02/04/2026,22:08:46,-7.0,-1.001,1.0,Cal.s2p,1555.7,1555.058,625.13,40,40,0,0,0.5,20.67,0,-16.38,-16.383819480232244,-17.4496,-18.0324,-22.51,-1.0657805197677561,-1.648580519767755,-6.1261805197677575,0.33020361126325354,16.477894412224543,poly3,0.7971888927055898,-1.01315,-1.026,-1.0,5.9898,inf,,-16.01191836369325,-0.36808163630674784,0.9594668972733782,,0.9981148394587854,,,False,,,16.4711201437083,16.63885255144732,16.127453191900223
35,35,WO,-7,data_PD0008_1/Bandwidth/35um/Bias_-7V_Iph_1mA_diff_powermeter.xlsx,209d4938,02/03/2026,17:29:52,-7.0,-1.046,1.0,Cal.s2p,1555.7,1555.013,625.46,40,37,0,3,0.67,16.17,1,-15.99,-15.834226566677224,-16.98,-18.19,,-1.145773433322777,-2.3557734333227778,,0.21773099471782364,15.820324324938161,poly3,0.978375035555854,-1.04315,-1.046,-1.04,6.610875,inf,,-15.629966222654515,-0.36003377734548536,1.0035291580734176,,1.0439519563927857,,,False,,,15.820324324938161,16.11890627123373,15.896107163175165
35,35,WO,-7,data_PD0008_1/Bandwidth/35um/test.xlsx,d62ed777,02/03/2026,01:47:43,-7.0,-1.045,,Cal.s2p,1555.7,1555.016,119.72,16,16,0,0,0.33,8.33,0,-16.02,-15.32235545196523,,,,,,,0.5805906455805925,3.6378619460033867,poly3,0.4367181207687139,-1.0406875,-1.046,-1.035,5.837125,inf,,-15.638274104338167,-0.3817258956618321,1.000069069953957,,1.0403524937039916,,,False,,3.6378619460033867,3.6378619460033867,4.178874246573765,3.6457627044328444
30Jan,30,WO,-7,data_PD0008_1/Bandwidth/30um/WO/Bias_-7V_Iph_1mA.xlsx,d5046f0e,01/21/2026,16:54:12,-7.0,-1.019,1.0,Cal.s2p,1555.2,1554.577,314.38,40,40,0,0,0.5,20.83,0,-16.55,-16.571435381381523,-17.967590361445783,-18.11,-19.54,-1.39615498006426,-1.5385646186184765,-2.968564618618476,0.44162067084301215,19.39331773856102,poly3,0.9310282159654835,-1.0154999999999998,-1.019,-1.013,5.81335,16549.095614389116,data_PD0008_1/S11/30um/WO/-7V.s1p,-15.883319461452505,-0.6666805385474959,0.9437134767956519,92978.12811730066,0.9817268610973262,187802.8040052691,11.348221581484987,False,,,19.40631731227493,19.7825057221099,17.214400857395134
30Jan,30,WO,-7,data_PD0008_1/Bandwidth/30um/WO/Bias_-7V_Iph_6mA.xlsx,1635e63d,01/21/2026,17:04:44,-7.0,-5.979,6.0,Cal.s2p,1555.2,1554.593,392.43,50,50,0,0,1.17,27.75,0,-1.57,-2.0044430550800567,-2.39,-2.4573134328358206,-3.448600000000001,-0.3855569449199434,-0.4528703777557639,-1.4441569449199445,0.47897424847894293,25.385522403809322,poly3,0.9147936001372728,-5.985119999999999,-6.01,-5.966,13.3379,16549.095614389116,data_PD0008_1/S11/30um/WO/-7V.s1p,-0.5142320731780308,-1.0557679268219693,5.294685361107663,10229.212707374667,5.507958684353651,14860.692188741048,0.8979760909605214,False,,,,25.501569621078893,24.16189063401897
30Jan,30,120,-7,data_PD0008_1/Bandwidth/30um/120 ohm/Bias_-7V_Iph_1.034mA.xlsx,01235a01,01/21/2026,17:34:57,-7.0,-59.745,1.034,Cal.s2p,1555.2,1554.593,392.35,50,50,0,0,1.17,27.75,0,-19.24,-19.594205741481616,-19.8918,-20.016417910447764,-20.9202,-0.2975942585183837,-0.42221216896614777,-1.325994258518385,0.31596354404015725,27.05063993643161,poly3,0.9747978355470851,-59.786660000000005,-59.82,-59.745,5.89018,115.01047892837558,data_PD0008_1/S11/30um/120 ohm/-7V.s1p,16.369949139048757,-35.60994913904875,0.9903851241660849,119.13957762795475,1.0302784723668748,119.22052626453426,1.0366057717121633,False,,,,27.181064598610895,25.750745398753814
30Jan,30,120,-7,data_PD0008_1/Bandwidth/30um/120 ohm/Bias_-7V_Iph_6mA.xlsx,792d3902,01/21/2026,17:44:22,-7.0,-64.709,6.0,Cal.s2p,1555.2,1554.593,392.41,50,50,0,0,1.5,28.08,0,-3.97,-4.5318855249994545,-4.712388059701492,-4.5184,-5.093399999999998,-0.18050253470203792,0.013485524999454768,-0.5615144750005436,0.34210528619039626,,none,,-64.71824,-64.794,-64.64,13.401439999999997,115.01047892837558,data_PD0008_1/S11/30um/120 ohm/-7V.s1p,17.063211597221116,-21.033211597221115,5.7451861985216865,118.71687987428824,5.976605984525624,119.18465298989331,1.0362938586154158,False,,,,,27.939380693824102
30Jan,30,76,-7,data_PD0008_1/Bandwidth/30um/76 ohm/Bias_-7V_Iph_1mA.xlsx,cb605b5e,01/21/2026,18:13:13,-7.0,-93.084,1.0,Cal.s2p,1555.2,1554.593,470.84,60,60,0,0,1.5,33.67,0,-20.86,-21.436629509984193,-21.33,-21.335,-22.06,0.10662950998419518,0.10162950998419262,-0.6233704900158052,0.42040042021515406,31.35848904239999,poly3,0.9313480559073356,-93.13143333333333,-93.151,-93.084,5.907766666666668,73.29008493398887,data_PD0008_1/S11/30um/71 ohm/-7V.s1p,18.839242300973048,-39.69924230097305,0.9636357919189085,75.9875415189244,1.0024516598552666,76.0195731520754,1.0372422575379048,False,,3.7379835675073023,,31.35321044542142,30.647125929355926
30Jan,30,76,-7,data_PD0008_1/Bandwidth/30um/76 ohm/Bias_-7V_Iph_6mA.xlsx,ea98c803,01/21/2026,18:26:20,-7.0,-98.202,6.0,Cal.s2p,1555.2,1554.593,549.09,70,68,0,2,1.5,34.67,1,-5.09,-5.776832930896198,-5.596,-5.4347761194029856,-5.894599999999999,0.180832930896198,0.34205681149321254,-0.11776706910380064,0.37373150270287586,34.20621538457847,poly3,0.9866228838932354,-98.16177142857144,-98.218,-98.107,13.52362857142857,73.29008493398887,data_PD0008_1/S11/30um/71 ohm/-7V.s1p,19.3041482071037,-24.3941482071037,5.921243519774264,75.85546832291071,6.159755007630994,76.05203459107666,1.0376851747351015,False,,4.06340288354609,,34.07620113011698,33.96937866286646
30Jan,30,38,-7,data_PD0008_1/Bandwidth/30um/40 ohm/Bias_-7V_Iph_1mA.xlsx,75c8923a,01/21/2026,19:56:18,-7.0,-177.359,1.0,Cal.s2p,1555.2,1554.581,626.94,80,77,0,3,0.5,37.83,1,-22.83,-23.281943895977623,-23.294626865671642,-23.2404,-23.7398,-0.012682969694019164,0.04154389597762176,-0.4578561040223761,0.3634421815373859,33.99532798691818,poly3,0.8986340995748924,-177.33520000000001,-177.359,-177.313,6.3413875,37.938294147860866,data_PD0008_1/S11/30um/32 ohm/-7V.s1p,21.654459968263062,-44.48445996826306,1.058352239277911,39.704902329686874,1.1009833464809298,39.71450565996279,1.046818433775101,False,,,,34.04854204881821,34.18057297651092
30Jan,30,38,-7,data_PD0008_1/Bandwidth/30um/40 ohm/Bias_-7V_Iph_6mA.xlsx,cf29de34,01/21/2026,20:14:07,-7.0,-182.352,6.0,Cal.s2p,1555.2,1554.584,627.22,80,76,0,4,0.5,47.0,2,-7.41,-8.389787508214487,-7.652537313432836,-7.44,-7.9399999999999995,0.7372501947816517,0.9497875082144871,0.449787508214488,0.5429293828921137,40.57701978684055,poly3,0.8633408465285224,-182.3731125,-182.416,-182.336,14.108125000000001,37.938294147860866,data_PD0008_1/S11/30um/32 ohm/-7V.s1p,21.895605958094908,-29.305605958094908,6.246406348241137,39.74887937882424,6.498015603442568,39.80575148194955,1.049223545128583,False,,,,40.079129964577795,41.301613025878495
30Jan,30,60,-7,data_PD0008_1/Bandwidth/30um/60 ohm/Bias_-7V_Iph_1mA.xlsx,b457137d,01/21/2026,19:30:58,-7.0,-118.628,1.0,Cal.s2p,1555.2,1554.582,627.08,80,77,0,3,0.33,37.83,1,-21.09,-21.488286160128382,-21.9604,-22.1,-22.552799999999998,-0.4721138398716178,-0.6117138398716193,-1.0645138398716156,0.31788162035188605,36.536423516333656,poly3,0.9658055383646222,-118.56665000000002,-118.633,-118.517,7.708250000000001,60.0,NOMINAL60,20.19831556138503,-41.28831556138503,1.022754573991327,59.521154644450355,1.063951784398279,59.542012258395864,0.9923668709732644,False,,3.8756957814808115,,36.65612019971672,36.96621569756016
30Mar,30,WO,-7,data_PD0008_1/Bandwidth/30um/Figure_03_27_2026/WO/Bias_-7V_Iph_1mA_30GHz.xlsx,ad4e5a6d,03/27/2026,13:22:08,-7.0,-1.003,1.0,S21_cal_bias_tee_cal.s2p,1555.6,1555.012,955.76,60,60,0,0,0.33,30.08,0,-16.27,-16.02049098934666,-17.9622,-18.255,-19.029399999999995,-1.9417090106533408,-2.2345090106533405,-3.008909010653337,0.5192140484239955,17.46499047184734,poly3,0.5806180343034355,-1.0106666666666666,-1.021,-1.001,3.2888499999999996,inf,,-15.99458125287126,-0.2754187471287395,0.9716950618749847,,1.0108355623757435,,,False,,,16.167555530497864,17.908941066753975,19.324767262170806
30Mar,30,WO,-5,data_PD0008_1/Bandwidth/30um/Figure_03_27_2026/WO/Bias_-5V_Iph_1mA.xlsx,18d0ca4a,03/27/2026,12:42:00,-5.0,-1.011,1.0,S21_cal_bias_tee_cal.s2p,1555.6,1555.011,666.29,40,40,0,0,0.5,19.5,0,-16.25,-16.52308865967577,-18.235,-18.37626865671642,,-1.711911340324228,-1.8531799970406482,,0.4395520465737682,17.245585394942466,poly3,0.8843889946124341,-1.0248249999999999,-1.035,-1.011,3.324875,inf,,-15.925576801459602,-0.3244231985403978,0.9739350503317261,,1.0131657790046273,,,False,,13.569538053739372,17.245585394942466,16.98633288750793,18.507121298978042
30Mar,30,WO,-5,data_PD0008_1/Bandwidth/30um/Figure_03_27_2026/WO/Bias_-5V_Iph_1mA_30GHz.xlsx,bd464505,03/27/2026,13:01:34,-5.0,-1.01,1.0,S21_cal_bias_tee_cal.s2p,1555.6,1555.012,999.53,60,59,1,0,1.0,29.92,0,-16.39,-15.906794941866174,-18.25,-18.5936,-19.7394,-2.343205058133826,-2.6868050581338245,-3.832605058133826,0.5081583849391842,14.5775825528067,poly3,0.48721866820878,-1.0162666666666664,-1.029,-1.01,3.285233333333333,inf,,-15.934172437626772,-0.4558275623732282,0.9583629058164472,,0.9969663785176838,,,False,,14.064355779011771,16.52114845548128,15.79619057260026,17.157330547731743
30Mar,30,WO,-5,data_PD0008_1/Bandwidth/30um/Figure_03_27_2026/WO/Bias_-5V_Iph_0.5mA_30GHz.xlsx,ba2fdbd3,03/27/2026,13:42:36,-5.0,-0.509,0.5,S21_cal_bias_tee_cal.s2p,1555.6,1555.012,962.44,60,60,0,0,0.5,30.58,0,-22.22,-21.90231154575103,-24.0416,-24.630000000000003,-25.435000000000002,-2.1392884542489696,-2.727688454248973,-3.532688454248973,0.5502135199247671,14.959640523014691,poly3,0.4891968777964255,-0.5130333333333332,-0.518,-0.508,0.31418333333333337,inf,,-21.886244266544452,-0.333755733455547,0.4898126483689493,,0.5095426160933602,,,False,,13.806775613535361,16.31508946783116,15.624621447000651,17.15905879815826
30Mar,30,WO,-5,data_PD0008_1/Bandwidth/30um/Figure_03_27_2026/WO/Bias_-5V_Iph_3mA_30GHz.xlsx,e356e666,03/27/2026,13:59:43,-5.0,-3.048,3.0,S21_cal_bias_tee_cal.s2p,1555.6,1555.022,740.97,60,60,0,0,0.5,31.08,0,-6.67,-6.334390764745065,-8.7786,-8.8,-10.256199999999996,-2.4442092352549363,-2.465609235254936,-3.9218092352549316,0.5285223712525254,15.379806162297545,poly3,0.49484575811768167,-3.087533333333334,-3.139,-3.046,8.23225,inf,,-6.340300659928366,-0.3296993400716337,2.9344721738155046,,3.0526745956401666,,,False,,,17.55841093154367,16.105442745888002,17.576389388045445
30Mar,30,WO,-5,data_PD0008_1/Bandwidth/30um/Figure_03_27_2026/WO/Bias_-5V_Iph_5mA_30GHz_WO.xlsx,8cc6bca0,03/27/2026,14:18:32,-5.0,-5.066,5.0,S21_cal_bias_tee_cal.s2p,1555.6,1555.022,610.55,60,60,0,0,0.5,30.92,0,-2.26,-1.903880441460053,-4.0518,-4.341641791044776,-5.845799999999996,-2.147919558539947,-2.4377613495847235,-3.941919558539943,0.5230536301106787,15.317902530640405,poly3,0.4954043509262744,-5.101366666666666,-5.174,-5.046,10.476233333333333,inf,,-1.9272962041890405,-0.3327037958109593,4.875621636737505,,5.072014804307997,,,False,,14.217994992407752,17.176056268482778,16.066521066671253,17.50030665255321
30Mar,30,WO,-3,data_PD0008_1/Bandwidth/30um/Figure_03_27_2026/WO/Bias_-3V_Iph_1mA.xlsx,6ef93b56,03/27/2026,12:28:17,-3.0,-1.036,1.0,S21_cal_bias_tee_cal.s2p,1555.6,1555.009,649.52,40,40,0,0,0.33,19.33,0,-16.07,-16.29566902721353,-18.81,-19.93,,-2.5143309727864676,-3.6343309727864685,,0.4264506653436057,11.497237737198605,poly3,0.5947872600723542,-1.034125,-1.042,-1.025,3.277575,inf,,-15.713404805095339,-0.35659519490466174,0.9943287474504857,,1.0343809473272736,,,False,,11.189654522673548,11.497237737198605,11.453144010772847,12.169762725732834
30Mar,30,38,-7,data_PD0008_1/Bandwidth/30um/Figure_03_27_2026/36 ohm/Bias_-7V_Iph_1mA.xlsx,1ad6ba1b,03/27/2026,17:55:28,-7.0,-176.747,1.0,S21_cal_bias_tee_cal.s2p,1555.6,1555.02,1174.71,70,70,0,0,0.5,36.67,0,-21.71,-21.478379954065915,-22.46,-22.383399999999998,-22.61,-0.9816200459340862,-0.9050200459340836,-1.1316200459340848,0.433638094926478,32.660044953223895,poly3,0.8906475307669456,-176.7103,-176.757,-176.66,3.715657142857142,38.1533546432172,data_PD0008_1/S11/30um/main_figure_03_30_2026/33ohm/Bias_-7V_33ohm.s1p,21.65231881925077,-43.362318819250774,1.2001516045794767,39.87539545131821,1.2484944811907743,39.886379540991406,1.0454226086796354,False,,,,32.973317958467995,32.49013748992411
30Mar,30,38,-5,data_PD0008_1/Bandwidth/30um/Figure_03_27_2026/36 ohm/Bias_-5V_Iph_1mA.xlsx,1209194c,03/27/2026,18:19:08,-5.0,-136.184,1.0,S21_cal_bias_tee_cal.s2p,1555.6,1555.021,1117.74,70,70,0,0,0.5,36.83,0,-22.5,-22.39924396591763,-23.15,-23.0366,-23.0708,-0.750756034082368,-0.6373560340823694,-0.6715560340823679,0.47415660317823577,33.20976420894229,poly3,0.9017041598952563,-136.1618142857143,-136.185,-136.145,3.7126857142857146,35.6820204098825,data_PD0008_1/S11/30um/main_figure_03_30_2026/33ohm/Bias_-5V_38ohm.s1p,19.053116580431745,-41.55311658043175,1.1388597838012935,37.02465702945931,1.1847337865487764,37.037238351313384,1.0379804149502574,False,,,,33.43825364422947,32.953985081234094
30Mar,30,38,-3,data_PD0008_1/Bandwidth/30um/Figure_03_27_2026/36 ohm/Bias_-3V_Iph_1mA.xlsx,2def3774,03/27/2026,18:41:43,-3.0,-85.618,1.0,S21_cal_bias_tee_cal.s2p,1555.6,1555.025,1133.35,70,69,1,0,1.17,37.0,0,-23.4,-23.386304282749972,-24.0,-23.895,-24.67,-0.6136957172500281,-0.5086957172500277,-1.2836957172500298,0.5897034867261065,28.509497797417346,poly3,0.7705269674977661,-85.6204857142857,-85.631,-85.608,3.703928571428571,34.5030854206378,data_PD0008_1/S11/30um/main_figure_03_30_2026/33ohm/Bias_-3V_33ohm.s1p,14.850408999270543,-38.25040899927054,1.0472361580001142,35.47325179189321,1.0894195023175415,35.49095444803136,1.0286313242815863,False,,,,28.787356583024813,28.792038865383045
30Mar,30,60,-7,data_PD0008_1/Bandwidth/30um/Figure_03_27_2026/55 ohm/Bias_-7V_Iph_1mA.xlsx,2d00d55b,03/27/2026,15:15:44,-7.0,-115.51,1.0,S21_cal_bias_tee_cal.s2p,1555.6,1555.021,938.21,60,59,1,0,0.83,31.33,1,-21.22,-20.575059842045885,-21.9286,-21.930119047619048,-21.94,-1.3535401579541144,-1.3550592055731627,-1.3649401579541163,0.4021173750712759,28.162945076636927,poly3,0.898913025108105,-115.46723333333333,-115.51,-115.439,3.391149999999999,60.34761941247577,data_PD0008_1/S11/30um/main_figure_03_30_2026/55ohm/Bias_-7V_55ohm.s1p,19.989735252344417,-41.209735252344416,1.0049230811236431,61.13266056280897,1.0454020275577711,61.154279349194724,1.013366889109667,False,,,,28.90322400823427,29.205760677609618
30Mar,30,60,-5,data_PD0008_1/Bandwidth/30um/Figure_03_27_2026/55 ohm/Bias_-5V_Iph_1mA.xlsx,0d0979da,03/27/2026,15:41:58,-5.0,-87.258,1.0,S21_cal_bias_tee_cal.s2p,1555.6,1555.023,1002.57,60,60,0,0,0.67,31.33,0,-21.48,-20.872844528463503,-22.0944,-22.15,-22.3388,-1.2215554715364974,-1.2771554715364957,-1.4659554715364962,0.4186547801682437,27.220453557917992,poly3,0.8688303082642194,-87.24774999999997,-87.258,-87.241,3.390733333333333,57.513546476748324,data_PD0008_1/S11/30um/main_figure_03_30_2026/55ohm/Bias_-5V_60ohm.s1p,17.361644388636535,-38.84164438863654,0.9970639980995292,57.96366503477127,1.0372263756273097,57.990665008213426,1.008295759185325,False,,,,27.76469869876196,28.047175188445834
30Mar,30,60,-3,data_PD0008_1/Bandwidth/30um/Figure_03_27_2026/55 ohm/Bias_-3V_Iph_1mA.xlsx,e7dbc824,03/27/2026,16:08:35,-3.0,-54.173,1.0,S21_cal_bias_tee_cal.s2p,1555.6,1555.022,999.8,60,60,0,0,0.5,31.08,0,-21.08,-20.740008035652995,-22.251940298507463,-22.3966,-23.74,-1.5119322628544687,-1.6565919643470046,-2.9999919643470037,0.45855362183833365,21.131713473786377,poly3,0.6799135609326377,-54.1626,-54.173,-54.144,3.3978499999999996,55.51473859107779,data_PD0008_1/S11/30um/main_figure_03_30_2026/55ohm/Bias_-3V_55ohm.s1p,13.076961256466515,-34.156961256466516,1.0615362366477508,56.48498059415277,1.1042955973075774,56.53049257120729,1.0182970145570092,False,,,,21.63320511301593,22.28365343979791
30Mar,30,200,-7,data_PD0008_1/Bandwidth/30um/Figure_03_27_2026/200 ohm/Bias_-7V_Iph_1mA.xlsx,19e45eb6,03/29/2026,16:01:21,-7.0,-34.739,1.0,Cal.s2p,1555.6,1555.014,959.47,60,59,0,1,0.33,26.33,1,-17.45,-17.56980358030048,-18.9382,-19.4774,-20.776799999999998,-1.3683964196995184,-1.9075964196995194,-3.206996419699518,0.2979369909937217,19.77629824025923,poly3,0.7510937425088959,-34.735283333333335,-34.742,-34.729,3.7690499999999996,205.54287676184447,data_PD0008_1/S11/30um/main_figure_03_30_2026/200 ohm-1/Bias_-7V_200ohm-1.s1p,12.904519360754183,-30.354519360754182,1.054608687586855,207.81138465816383,1.0970890021260147,208.07379225402408,1.0123133213471178,False,,,19.727291778141268,19.990206932043783,17.603880171531642
30Mar,30,200,-5,data_PD0008_1/Bandwidth/30um/Figure_03_27_2026/200 ohm/Bias_-5V_Iph_1mA.xlsx,89a77f32,03/29/2026,16:27:18,-5.0,-25.537,1.0,Cal.s2p,1555.6,1555.019,961.26,60,60,0,0,0.33,26.5,1,-17.61,-17.675723952323118,-19.33,-20.11,-22.21,-1.6542760476768805,-2.4342760476768817,-4.534276047676883,0.32946913087982876,16.432441448308193,poly3,0.6200921301248374,-25.511049999999994,-25.537,-25.501,3.7737,202.2638390681768,data_PD0008_1/S11/30um/main_figure_03_30_2026/200 ohm-1/Bias_-5V_200ohm-1.s1p,10.204062523737253,-27.814062523737253,1.0386440805064445,204.09532853677976,1.0804813304300251,204.44447010445728,1.0107811215604656,False,,13.552026090754259,16.49437689641177,16.63251561798416,13.807625908858856
30Mar,30,200,-3,data_PD0008_1/Bandwidth/30um/Figure_03_27_2026/200 ohm/Bias_-3V_Iph_1mA.xlsx,949c2b07,03/29/2026,16:58:58,-3.0,-15.999,1.0,Cal.s2p,1555.6,1555.008,1014.91,60,58,0,2,0.5,26.17,1,-16.98,-16.99596381283868,-19.22,-20.06,-22.384925373134326,-2.2240361871613175,-3.0640361871613173,-5.388961560295645,0.34753161985820313,13.314334526948755,poly3,0.5087632604871515,-15.990783333333335,-15.999,-15.979,3.7692666666666663,199.89518933883642,data_PD0008_1/S11/30um/main_figure_03_30_2026/200 ohm-1/Bias_-3V_200ohm-1.s1p,6.122145791194848,-23.10214579119485,1.1194006347698673,201.618331674322,1.1644908105099971,202.23115990419478,1.0116859769016189,False,,13.01896592452959,13.410719414558994,13.568490202006473,11.395909048233364
25,25,WO,-7,data_PD0008_1/Bandwidth/25 um/Bias_-7V_Iph_1mA_diff_probe_upto_30GHz.xlsx,5b8c4d2a,02/16/2026,14:43:25,-7.0,-1.021,1.0,S21_cal_bias_tee_cal.s2p,1555.75,1555.049,913.69,60,60,0,0,0.5,31.08,0,-16.22,-15.879414944770605,-17.49,-17.9104,-17.815199999999997,-1.610585055229393,-2.0309850552293938,-1.9357850552293918,0.5218337577329605,24.282107749367988,poly3,0.7812775981135132,-1.0173666666666668,-1.022,-1.013,4.621933333333334,inf,,-15.840085071541418,-0.37991492845858055,0.9773047186856672,,1.0166711797617363,,,False,,,,24.904630320979123,25.294295428431887
25,25,WO,-5,data_PD0008_1/Bandwidth/25 um/Bias_-5V_Iph_1mA_diff_probe_upto_30GHz.xlsx,24fbaa9e,02/16/2026,15:04:33,-5.0,-1.014,1.0,S21_cal_bias_tee_cal.s2p,1555.75,1555.051,912.55,60,60,0,0,0.5,31.33,0,-16.15,-15.822352348224802,-18.029,-18.155,-18.1972,-2.2066476517751976,-2.332647651775199,-2.3748476517751964,0.5002628389878679,20.982182310687847,poly3,0.66971536261372,-1.0115500000000002,-1.014,-1.01,4.612816666666666,inf,,-15.899840813333281,-0.25015918666671766,0.9852126866991546,,1.0248976858003063,,,False,,,16.647806057891373,21.82942254035252,22.36922375329694
