D,V,lab,camp,Rm,Cpd_fF,fmax_GHz,L1,Lm,L2,rms,flags,ms_L1,ms_Lm,ms_L2,ms_rms,ms_flags,n_minima,minima,f_RC,f_peak,e_peak,f50,f80,rms_mag,rms_phase_deg,rms_le5,rms_le20,rms_0_10,frac_0_10,rms_10_20,frac_10_20,rms_20_30,frac_20_30,rms_30_40,frac_30_40,rms_40_50,frac_40_50
40,-7,38,40,42.52385943293988,227.60000000000002,50.0,1.0467693005810085e-12,215.12941503740797,143.49780803958535,0.22134455285858454,L1@0,8.822251397166588e-11,215.13242970025547,143.4978504008637,0.22134455281675777,L1@0,2,"0.2213:(0,215,143) | 0.3330:(600,45,0)",30.72004965065236,50.0,0.4673917175809497,34.826125168945616,43.9295602447094,0.21210006805192477,10.874658097328771,0.017800229575188054,0.09862633952654974,0.039705767158122976,0.006403736296391457,0.13370774753617476,0.07261718372904724,0.2440450410714618,0.24191691257620232,0.29372566440659775,0.350437074617543,0.2809475827950002,0.3286250927808161
40,-5,38,40,39.10732519408157,274.6000000000001,50.0,7.842466695438622e-09,218.4561745008664,146.07242047821893,0.24171463935902512,L1@0,1.801091059302249e-18,218.45509222383163,146.07062221666504,0.24171463928051698,L1@0,2,"0.2417:(0,218,146) | 0.2997:(600,55,0)",26.963713896465237,50.0,0.4738389544116379,33.59636171346904,43.0235333814853,0.2315215626926482,12.064514222667286,0.023958660941704978,0.12166340964598663,0.05181642235666031,0.009145192973900226,0.16407019493963704,0.09168903759171654,0.27756335214169947,0.26241114345478367,0.3167064093600541,0.341642374009375,0.2907385863093115,0.2951122519702245
40,-3,38,40,37.49269327868941,390.4,50.0,1.58472820938402e-12,261.05148572700637,141.83548366130944,0.28294836262883316,L1@0,6.667426873491923e-20,261.0612702079465,141.8351212755164,0.28294836251972144,L1@0,2,"0.2829:(0,261,142) | 0.2839:(600,63,0)",19.533638325348566,50.0,0.4806732658704357,30.61612087431151,41.00967922143479,0.2706073431984138,13.971223909557171,0.044745711170226375,0.1884499372493818,0.09431723250751588,0.02211218514902753,0.24926094228882928,0.15443937271442032,0.3447742029659936,0.2954738767692818,0.3463274644917377,0.2981421855771399,0.3003439528575806,0.2298323797901305
40,-7,80,40,80.34907342646851,227.60000000000002,50.0,175.6695212862539,1.1201349968330013e-18,86.26230363490545,0.1319312007274774,Lm@0,175.67014106893149,7.005222891782012e-20,86.26167072605317,0.1319312007272389,Lm@0,1,"0.1319:(176,0,86)",21.816074224547446,50.0,0.35888204863467243,44.3727547333436,48.37560003738737,0.04744303916519035,9.814108839094061,0.015140033593502349,0.0594545331884092,0.01845581963031411,0.0038943553578214747,0.08203088293488384,0.07693495002028468,0.14538814259626423,0.24167230281861313,0.06832677999224378,0.05337658845976807,0.23077475189453725,0.6241218033435126
40,-5,80,40,77.17008451359483,274.6000000000001,50.0,175.31908151565437,3.3388505731452942e-18,93.17560229478173,0.13562075675424323,Lm@0,175.3190827014556,9.44018645901755e-19,93.17560077824625,0.13562075675423627,Lm@0,1,"0.1356:(175,0,93)",18.70322541668276,50.0,0.3680418478418192,44.61157364755546,48.381080978678796,0.03502703844346375,10.480918619667476,0.012901882053006348,0.06810302091846102,0.012820979341646924,0.0017785005669634405,0.09545504389586619,0.0985846662537821,0.13673797455664574,0.20229720958929448,0.06125472759938289,0.040596709402371256,0.24334922170883722,0.6567429141875887
40,-3,80,40,74.93494699488213,390.4,50.0,179.77030619932347,2.194729757055436e-16,101.27689455322164,0.14082692660507717,Lm@0,179.77018788676466,6.461073831263435e-18,101.27682944817838,0.14082692660394366,Lm@0,2,"0.1408:(180,0,101) | 0.1884:(0,194,249)",13.331337550154364,50.0,0.370742934927271,44.52394854933536,48.32331143726403,0.015310673313272622,11.355410592259084,0.012091593638637892,0.08420526311601417,0.01883951471199052,0.0035614918456359523,0.11758454557590059,0.1387372306865275,0.12023324285291678,0.14505798911303044,0.06283660415511573,0.039620316861644835,0.25580365504631597,0.6730229714931614
40,-7,100,40,107.54213960347053,227.60000000000002,50.0,178.8300071469789,1.754924434657452e-13,82.20451134047204,0.11940016130536991,Lm@0,178.8310577285747,1.4700051755148474e-19,82.2034160164321,0.11940016129357416,Lm@0,1,"0.1194:(179,0,82)",20.125830168206726,50.0,0.5005962696775129,45.563114048391064,48.9918635309662,0.033263541634977814,8.82377663189726,0.026220453102008524,0.04860711562307293,0.035523386418578995,0.017615007283356784,0.05885059384361282,0.04834547215713748,0.12323451884055714,0.2119916984996542,0.059612203478452724,0.04960488616697177,0.21678974355131544,0.6724429358928795
40,-5,100,40,103.95428604380513,274.6000000000001,50.0,177.03920933383074,5.105218258105853e-18,89.54558914983295,0.1243115738907667,Lm@0,177.03950596783335,4.2842142742031727e-20,89.5452647070815,0.12431157389057944,Lm@0,1,"0.1243:(177,0,90)",17.032101284770654,50.0,0.511526123478235,45.55180905664398,48.90976236066411,0.022600366004359617,9.370907470453439,0.023966007848997772,0.05572962332265833,0.02781688429469335,0.009964551864379617,0.0737414590275132,0.07002679601380297,0.12093653703509173,0.18834576571524733,0.053517787427568554,0.036883922792212934,0.22942513483899962,0.6947789636143572
40,-3,100,40,101.08083437622632,390.4,50.0,179.1076703320813,3.4856646266477694e-15,98.39685352372621,0.13285809661291778,Lm@0,179.10723502285393,4.8240807467923755e-17,98.39702447679875,0.13285809661095002,Lm@0,1,"0.1329:(179,0,98)",11.925362870625415,50.0,0.5207789330062702,45.133029977252924,48.731742119581504,0.01568950547566563,10.17135553085219,0.022255094834008955,0.07631585716194567,0.02591568236912546,0.007572044861662878,0.10476925844954514,0.12375296740870485,0.11499274723321196,0.14908322558695425,0.05462291543277372,0.033638578429314385,0.2436359461362682,0.6859531837133636
40,-7,140,40,142.52653410946385,227.60000000000002,50.0,187.08406493239082,9.872533064731557e-18,58.14190536766654,0.12909918926218533,Lm@0,187.0842933604612,4.542456167336856e-27,58.141668535923394,0.12909918926145297,Lm@0,2,"0.1291:(187,0,58) | 0.1501:(95,600,145)",18.774954904461094,50.0,0.5272077493698402,45.590946354467164,48.992296296923485,0.025561982695495183,9.54469462841528,0.012121768952536145,0.058740122130667094,0.012067142570390542,0.0017387045545571157,0.0821899505173062,0.08065928019297322,0.12802131457932794,0.195695783735519,0.05718880320870488,0.03905160792423967,0.23620753227618846,0.6828546235927111
40,-5,140,40,140.73580789173042,274.6000000000001,50.0,186.6424023794689,6.079390004272301e-16,66.26753826987179,0.13255147708099782,Lm@0,186.64269350333606,1.630135372592381e-19,66.26729122358688,0.13255147708039036,Lm@0,1,"0.1326:(187,0,66)",15.658197976315325,50.0,0.5151929634679748,45.38564029090956,48.83306512980985,0.019311252593500097,9.88243636959248,0.012070575570823052,0.06899337441718352,0.015044635035242542,0.002563646286363241,0.09640451433203581,0.10526634231698077,0.125065998766713,0.17716311267359044,0.05451860200699151,0.033665433603756144,0.2422551855391426,0.6813414651193093
40,-3,140,40,138.91058057424596,390.4,50.0,187.92220946849807,4.856740144363569e-13,77.83615772375512,0.13798629415227867,Lm@0,187.92127258195282,7.5125976103237e-20,77.83655405995685,0.13798629414227032,Lm@0,1,"0.1380:(188,0,78)",10.795457311337499,50.0,0.48610357085716616,44.6729741944047,48.60284251534231,0.023847132777554972,10.26007918684701,0.01642349291966169,0.08857630521160306,0.03249185826925365,0.011034207128607665,0.12097852220989003,0.15297081554013134,0.11938032513350086,0.14895584395273523,0.05581638324030848,0.03256232566715505,0.247166257727468,0.6544768077113707
40,-7,WO,40,13943.63029034255,227.60000000000002,50.0,98.10480893194757,0.0,163.16124516946275,0.1673174419666527,,139.96409261410298,0.0,121.30199438104334,0.16731744196665235,,11,"0.1673:(140,0,121) | 0.1673:(98,0,163) | 0.1673:(172,0,89) | 0.1673:(145,0,116)",13.776150578400145,49.75005,0.40688682521357444,44.04438049585811,48.159736755982586,0.08623051210183012,9.9709520386859,0.018301976398761438,0.07888289663634437,0.029093541718684272,0.006016926252404704,0.10769674365431649,0.08244923786835802,0.13923184081414314,0.13780298705835858,0.130921765303868,0.12184429698670418,0.29911164927566825,0.6518865518341747
40,-5,WO,40,58279.610725825885,274.6000000000001,50.0,102.58304509071287,0.0,167.23591095469465,0.17007112644299635,,102.58304509071287,0.0,167.23591095469465,0.17007112644299635,,11,"0.1701:(103,0,167) | 0.1701:(150,0,120) | 0.1701:(218,0,52) | 0.1701:(110,0,159)",11.35764488114961,49.75005,0.40867232138399495,43.86453346020442,48.11371446853638,0.08533025910881724,10.215233599054246,0.02030826020124139,0.08842632738060599,0.035731659720021104,0.008784339989944056,0.11984022380526849,0.09881161107575927,0.13769106591159008,0.13044104860641392,0.12976235423719734,0.11585110750885261,0.30268476073719136,0.6461118928190299
40,-3,WO,40,51943.97070552814,390.4,50.0,109.78275872530494,0.0,173.3296406928188,0.1747755397085931,,151.52326689669678,0.0,131.58931486133065,0.17477553970762277,,12,"0.1748:(152,0,132) | 0.1748:(121,0,162) | 0.1748:(117,0,166) | 0.1748:(186,0,97)",7.802318404289658,50.0,0.412055788239452,43.551820929156165,48.03584847338337,0.08436933426863133,10.609004854349326,0.02594460721858128,0.10729755272415549,0.05151125280667652,0.017286491425439837,0.14273093734531597,0.13272076182890852,0.13111993965647573,0.1120056966179176,0.1282161282991522,0.10709962423469924,0.3073708570531506,0.6308874258930348
30,-7,38,Mar,38.1533546432172,133.5,40.0,33.25555743266062,46.98174627914251,146.98843466070275,0.05578986074311354,,33.25510065909718,46.98098360008911,146.9885083299675,0.05578986073278541,,1,"0.0558:(33,47,147)",41.38099554888399,40.0,0.16186968401237353,34.14545138813948,38.936992046868355,0.016472329295106874,7.4094071863524755,0.008096209708245952,0.038070691086771795,0.01778209143834034,0.02527138654066796,0.050818818007971354,0.20640133954527065,0.05468212759412634,0.23897595190396537,0.08058240390613258,0.529351322010096,,
30,-5,38,Mar,35.6820204098825,161.10000000000002,40.0,42.91289331545756,59.80370251164416,151.14072268117118,0.06341210076141596,,42.91278554138843,59.803502937055555,151.14075393261768,0.06341210075849979,,1,"0.0634:(43,60,151)",37.78499636498908,40.0,0.17781548301633276,34.830536649830385,38.831796323945774,0.027677673684713616,7.2366051083495435,0.011815456083711002,0.04478545010278382,0.024088861102005754,0.03589733432385205,0.05857644452018366,0.21226367518839387,0.05470605473470355,0.18514008389691688,0.0947679026204588,0.5666989065908373,,
30,-3,38,Mar,34.5030854206378,230.80000000000004,40.0,61.722424082935696,92.25609857147751,152.91998872422997,0.07551689547647009,,61.72658253883732,92.26131399423772,152.9175373115551,0.07551689542842634,,1,"0.0755:(62,92,153)",29.75347219816549,40.0,0.1987754565714103,34.91756485335784,38.661925635878816,0.05167655557917452,6.063925269928847,0.020274632008643486,0.05094861202094025,0.037002850846863326,0.05972498679266704,0.06182484260332071,0.16672922478162494,0.05203940295779207,0.11812730685318992,0.1213714135051805,0.6554184815725181,,
30,-7,60,Mar,60.34761941247577,133.5,40.0,34.04916314944211,68.069865722206,151.5860075712676,0.05915893423211917,,34.048214434894405,68.06694982554951,151.58631399336002,0.05915893420754924,,1,"0.0592:(34,68,152)",34.91455567190063,40.0,0.16472582470856956,34.25032120970395,38.78913164907424,0.0368017650752275,5.336710011305283,0.010420023529388438,0.04245568528877537,0.02176855360609762,0.03368157656374018,0.055956237369729656,0.22255136996469393,0.05301205687220507,0.1997480622070683,0.08662441452549813,0.5440189912644975,,
30,-5,60,Mar,57.513546476748324,161.10000000000002,40.0,40.735810721819504,90.7794553363563,155.929251967232,0.06564214507680403,,40.73507156630396,90.77710082439602,155.92957995300992,0.0656421450569862,,1,"0.0656:(41,91,156)",31.350217549344876,40.0,0.17876892818573692,34.79732622271044,38.747892437196136,0.044295943098535434,5.190438720862932,0.014119579007689327,0.04751212271137584,0.027352793891471612,0.04319284430994603,0.06137286269526902,0.21745088530976758,0.051996395425260696,0.15608274473803407,0.09952492006676354,0.5832735256422523,,
30,-3,60,Mar,55.51473859107779,230.80000000000004,40.0,55.826072991438885,147.99038781156077,158.3768399923339,0.07863145900195852,,55.825172060787004,147.98865405375506,158.37748875607602,0.07863145898083851,,1,"0.0786:(56,148,158)",24.447424819296582,40.0,0.20356711335658673,34.78925608853884,38.5933666114043,0.061137728126857784,4.397771101415763,0.02350020586888712,0.054583873362099515,0.04153822540808601,0.06941880870371774,0.06506438574494092,0.17032090153460874,0.05199369153244015,0.10876335246668663,0.12599852578915158,0.6514969372949867,,
30,-7,200,Mar,205.54287676184447,133.5,40.0,4.379565801168443e-10,6.1277056371033764e-18,195.5102580717894,0.061734202013468215,"L1@0,Lm@0",1.1793096185624289e-14,3.645772353112662e-24,195.5102576337809,0.06173420201345352,"L1@0,Lm@0",1,"0.0617:(0,0,196)",24.628981260503316,40.0,0.1334277628099273,16.89922476402419,37.30386067778621,0.040351452802800274,4.171516573957046,0.034918800248532354,0.0653041545064342,0.05871635154847128,0.22502998616487888,0.07128572965493722,0.3316862497002595,0.038267491084984055,0.09558335026796697,0.07226722578678495,0.3477004138668948,,
30,-5,200,Mar,202.2638390681768,161.10000000000002,40.0,1.3706995209749357,1.5358322863291178e-19,201.2194897278105,0.06502231598147994,Lm@0,1.3705521392572544,5.426888047224737e-12,201.21961899462372,0.06502231598104047,Lm@0,2,"0.0650:(1,0,201) | 0.0873:(218,0,0)",21.043604569983927,40.0,0.1577884055718113,23.450807113901554,38.152622055237856,0.04509182415286041,3.9709301951557796,0.03407220495558046,0.06123283965704089,0.055462664765158126,0.18098831727341855,0.0665042413841211,0.2602242503220151,0.04595750046452872,0.12426873543248776,0.08509021267988907,0.43451869697207857,,
30,-3,200,Mar,199.89518933883642,230.80000000000004,40.0,1.9032135832890464,2.6044775005212175e-16,213.24605375965038,0.0770162016068752,Lm@0,221.35233018193063,9.961762785842661e-23,9.513813027856257,0.06401657798472436,Lm@0,2,"0.0640:(221,0,10) | 0.0770:(2,0,213)",17.226963286723247,40.0,0.14796238362431596,22.895674508724376,37.93894410337483,0.04095282454289495,3.89006328138138,0.026777007260551784,0.0548770885850163,0.03941169180970145,0.0942842591076861,0.066855876718749,0.27131150674467636,0.06971052959238765,0.2949754014040014,0.07404227616870783,0.33942883274363617,,
30,-7,WO,Mar,26901.931935539636,133.5,40.0,59.18460862487122,0.0,128.23438168028082,0.06999549770549533,,32.11345125199406,0.0,155.30549724080805,0.06999549770534472,,12,"0.0700:(32,0,155) | 0.0700:(94,0,94) | 0.0700:(80,0,107) | 0.0700:(0,0,187)",21.96423308948995,40.0,0.19616012504855787,36.12760955394152,38.84380218639097,0.05183448845470856,3.3340992104126603,0.007816499232605988,0.029391109109601393,0.011511210508714492,0.006727841123295689,0.039939537078051486,0.08099156458730718,0.055539798256657384,0.15661823693960628,0.12079443894760845,0.7556623573497908,,
30,-5,WO,Mar,41794.21570574908,161.10000000000002,40.0,63.74897202168411,0.0,133.27380871588994,0.0772079559984279,,84.44454308415852,0.0,112.57833308426355,0.07720795599758754,,12,"0.0772:(84,0,113) | 0.0772:(38,0,160) | 0.0772:(130,0,67) | 0.0772:(98,0,99)",18.51962386353122,40.0,0.20976342207806473,35.76764545496545,38.76117882079829,0.05449958225658444,3.898874422235366,0.008781849984573896,0.038848279013929815,0.013492883240377883,0.007597301489799632,0.053257109070525124,0.11836001540475606,0.060072357396992015,0.15059105886194443,0.13037062386680348,0.7234516242435,,
30,-3,WO,Mar,7898.118832654097,230.80000000000004,40.0,72.33660254776743,0.0,140.67337507155042,0.08959890851623863,,7.233939882542523,0.0,205.77605550166027,0.0895989085162139,,12,"0.0896:(7,0,206) | 0.0896:(80,0,133) | 0.0896:(114,0,99) | 0.0896:(118,0,95)",13.01488343847753,40.0,0.2304433031728326,34.8471827946267,38.58538860911796,0.0576233555465564,4.923044114197746,0.010403624161386045,0.0580697835248556,0.018688833071661474,0.010822631675684464,0.07996828768747494,0.19815457429319655,0.06432589707615848,0.12821540590689764,0.1448135933842419,0.6628073881242212,,
30,-7,38,Jan,37.938294147860866,133.5,40.0,24.610012917371627,24.793085888797023,162.3463977621658,0.06341344116199855,,24.608149111838607,24.790645121542344,162.34673756121938,0.06341344111328859,,1,"0.0634:(25,25,162)",37.948510432085094,40.0,0.18186145545798163,31.548782301102797,38.765817494856485,0.0148831469411478,8.287664494578463,0.008518079651745303,0.044871466417677676,0.019482243501698034,0.023479521381770792,0.06039320479231166,0.22562512404437055,0.06307212221915252,0.24608559584534734,0.08944542507079652,0.5048097587285113,,
30,-5,38,Jan,34.889372888630504,161.10000000000002,40.0,35.472639585377095,39.894708984800275,167.30206006513325,0.07058236600673096,,35.47060727894691,39.891569401726215,167.30260735332294,0.07058236592345965,,1,"0.0706:(35,40,167)",35.846987257742434,40.0,0.19216803651219033,34.31374073864543,38.70600492948302,0.025620962623755066,7.99414928868271,0.01156280471063,0.05080925677403655,0.024755469590279456,0.030600171543908688,0.06745611813041652,0.22720831140342254,0.06274000762390922,0.1965489180640218,0.10350546646780164,0.5456425989886471,,
30,-3,38,Jan,33.232610117694506,230.80000000000004,40.0,61.945763084621824,82.43164828957691,166.36352056635266,0.08220678312980798,,61.952912628727944,82.44042083179957,166.35946722370522,0.08220678306167631,,1,"0.0822:(62,82,166)",29.610473632007555,40.0,0.2048981254508002,34.63087290274488,38.47921924883311,0.05618040464119948,6.716740372588043,0.022205846739414996,0.05607751495147761,0.04021662455853519,0.05953465939390805,0.06835201880986554,0.171973421587065,0.055675818032836354,0.11410163121311345,0.13201978368208253,0.6543902878059136,,
30,-7,76,Jan,73.29008493398887,133.5,40.0,38.9007261945813,63.29934572915805,150.7426366172389,0.06592106246790724,,38.899643696112825,63.29529560196905,150.74310479678732,0.0659210624612163,,1,"0.0659:(39,63,151)",32.68501380621466,40.0,0.17634551277156574,34.28352313276557,38.659474921926744,0.046928158243801574,4.513923320107498,0.013725246666933573,0.048427104752863714,0.02701206963991951,0.041767768358352525,0.06293422791500512,0.2267249774623385,0.05582729841686867,0.17840982793307905,0.09732803555737529,0.5530974262462299,,
30,-5,76,Jan,70.16991797628395,161.10000000000002,40.0,45.86799805044726,106.55265951331346,154.7001505752895,0.07243703599574643,,45.86704363705499,106.5492308770619,154.70068988589838,0.07243703597058201,,1,"0.0724:(46,107,155)",29.41469802114285,40.0,0.18754117687680216,34.555754970101106,38.58858192772398,0.05416959063371676,4.512060977009247,0.01857376009206911,0.05375839664693816,0.034411645451842734,0.05613884636011977,0.0677921018806449,0.21787670720065586,0.0537078867291503,0.136750440217787,0.11038689396936245,0.5892340062214374,,
30,-3,76,Jan,68.39264792862659,230.80000000000004,40.0,55.29600238666871,200.6597896069845,161.2263925901803,0.08383502286792635,,55.29374418744202,200.65511768177498,161.2281766122637,0.08383502280204039,,1,"0.0838:(55,201,161)",22.73173964800439,40.0,0.20716196418673263,34.59012511390733,38.45923952269573,0.06597126845327109,4.597418603362101,0.028576617801786285,0.059357940526420405,0.048351965066846206,0.08274680446926164,0.06862082541947895,0.16666133212758444,0.05626214036769978,0.1120354526483375,0.1329958416274883,0.6385564107548164,,
30,-7,120,Jan,115.01047892837558,133.5,40.0,44.215251261185124,38.581148378870786,152.5161589221287,0.06291534633505787,,44.21412518533228,38.576288937205916,152.51693087796147,0.06291534631838316,,1,"0.0629:(44,39,153)",28.78681973077768,40.0,0.16820713908548462,34.461369399449715,38.64492329275468,0.0477821846781792,3.4731561323714,0.01587463879210732,0.045615453096234375,0.02908073307527352,0.05314610780562961,0.05758341850007005,0.2083798164617092,0.05006114251074658,0.15749337066235788,0.09520294583546147,0.5809807050703034,,
30,-5,120,Jan,112.1670315927856,161.10000000000002,40.0,56.66361956684886,110.83746411703757,150.54667464772453,0.06856240209296173,,56.66335966752816,110.83678500876951,150.54688635423426,0.06856240208958167,,1,"0.0686:(57,111,151)",25.56028070784499,40.0,0.17975571501146137,34.749619867454456,38.613622163122095,0.05227900505709306,3.726770886840462,0.020361011241849157,0.04798219446990665,0.03530913798095736,0.06597450304490855,0.057946930439304496,0.1776899104330453,0.049912213472274806,0.13183039630128515,0.10756401174340444,0.624505190220761,,
30,-3,120,Jan,110.0948479131972,230.80000000000004,40.0,164.89212282061112,2.456139176956124e-20,65.5677073249781,0.06994399790168912,Lm@0,164.89212282061112,2.456139176956124e-20,65.5677073249781,0.06994399790168912,Lm@0,1,"0.0699:(165,0,66)",19.693540859009293,40.0,0.1698441584531398,26.293004764485286,38.19389845733079,0.04329434213563341,4.198495532412863,0.006960352850771886,0.04889370003541056,0.01112904885826076,0.006297803998135023,0.06824464871193829,0.23681556709574983,0.07949240417326779,0.32131004742735453,0.09164223114160627,0.4355765814787608,,
30,-7,WO,Jan,16549.095614389116,133.5,40.0,67.60704419498123,0.0,136.69188810137652,0.07536949478135391,,145.9167836541166,0.0,58.38219475687139,0.07536949478124523,,12,"0.0754:(146,0,58) | 0.0754:(88,0,117) | 0.0754:(76,0,128) | 0.0754:(47,0,157)",22.25432797863476,40.0,0.20240587918407185,35.92512197923667,38.724047284632874,0.058227626910622755,3.390349300715189,0.014889607783694723,0.025640968073749146,0.021091579937088073,0.019480538829728455,0.029496842937430948,0.038100775038546836,0.06160387362150101,0.1661876632129657,0.13182690097282246,0.776231022918759,,
30,-5,WO,Jan,16773.673942601225,161.10000000000002,40.0,72.78706782176364,0.0,141.1429007224495,0.08129602878302093,,91.70735947625712,0.0,122.22267030275945,0.08129602878276787,,12,"0.0813:(92,0,122) | 0.0813:(49,0,165) | 0.0813:(141,0,73) | 0.0813:(81,0,133)",18.80213745006883,40.0,0.21454522891507394,35.65470859125317,38.67227605920901,0.05922614180378061,3.9622501712735216,0.016560639689810506,0.034081155205508036,0.02211958400268994,0.018415740828832353,0.04282259081176428,0.06902098650762883,0.06695812952173881,0.1687492730018803,0.1391920547934585,0.7438139996616583,,
30,-3,WO,Jan,9057.828485606962,230.80000000000004,40.0,81.48024916243605,0.0,148.72177318376552,0.08898586248184445,,127.88415735183654,0.0,102.31795040643075,0.08898586248145111,,12,"0.0890:(128,0,102) | 0.0890:(186,0,45) | 0.0890:(90,0,141) | 0.0890:(159,0,71)",13.228598965889029,40.0,0.23077438042890921,35.42036607415286,38.62145547275687,0.0597860444329285,4.732292181689693,0.01877211726534694,0.043020171894608064,0.023059182788418318,0.016703971585083282,0.056300483735164865,0.09957634272972772,0.07270281490102411,0.16604827603521652,0.14965691118415744,0.7176714096499726,,
