D,V,lab,camp,Rm,rms_base,f_RC_base,rms_RpCp,f_RC_RpCp,Rp,Cp_fF,tau_ps,f_p_GHz,Rp_x_area,Cp_per_area,L1,Lm,L2,flags
40,-7,38,40,42.52385943293988,0.22134455281675777,30.72004965065236,0.06487662164914342,23.083710517929134,18.6562798066045,0.10000000000029331,0.0018656279806659219,85309.04593052156,23444.17263349772,7.957747154618108e-05,1.218885733489192e-16,409.2634715883549,140.50275709039653,"L1@0,Cp@lo"
40,-5,38,40,39.10732519408157,0.24171463928051698,26.963713896465237,0.06561246418073909,19.509716369270524,19.121049861526423,0.10000000000000032,0.0019121049861526484,83235.46261553944,24028.21990955822,7.957747154594792e-05,7.865670952141562e-19,422.5496106265337,141.77539634348707,"L1@0,Cp@lo"
40,-7,80,40,80.34907342646851,0.1319312007272389,21.816074224547446,0.10745409479735044,17.64911586598362,23.915698493696127,525.2232073316537,12.561079868435879,12.670482534851796,30053.353077305695,0.41795934836706045,209.6319901363407,8.414395551945408e-30,85.23377144937697,Lm@0
40,-5,80,40,77.17008451359483,0.13562075675423627,18.70322541668276,0.11410343903485967,14.048740149293339,25.136156619474534,663.0931430393762,16.66761309673739,9.548754351818332,31587.02599008946,0.5276727572252896,207.27407289439682,1.202174520567125e-18,93.22713571533154,Lm@0
40,-7,100,40,107.54213960347053,0.11940016129357416,20.125830168206726,0.10609149205734376,17.69937059905762,14.063548673511551,854.4281534980288,12.016291924738129,13.244929807692218,17672.77647844255,0.67993232073046,201.21900872280165,3.1721173034067954e-34,80.47533894992947,Lm@0
40,-5,100,40,103.95428604380513,0.12431157389057944,17.032101284770654,0.11249893533705031,14.53481304377555,15.657990711892793,1089.4872908888374,17.059181881462656,9.329576541114253,19676.411436183847,0.8669864389037807,198.31987045237415,5.310756994951421e-26,88.5182410202999,Lm@0
40,-7,140,40,142.52653410946385,0.12909918926145297,18.774954904461094,0.11109894589285992,16.081101305170186,26.45971736344654,861.820744359006,22.80353331369441,6.979398363512227,33250.261474026374,0.6858151576193624,211.79037527252785,1.9957050323436345e-25,56.75781629575646,Lm@0
40,-5,140,40,140.73580789173042,0.13255147708039036,15.658197976315325,0.11672932381184961,13.193591388909807,33.791424371118204,1140.7691598336835,38.548214789423966,4.1287240916682055,42463.55622345602,0.9077952535715957,208.05938822633124,5.631704839730239e-51,66.08597184665328,Lm@0
40,-7,WO,40,13943.63029034255,0.16731744196665235,13.776150578400145,0.15801433973862486,11.949446401726096,18.77215164890345,1411.3310745623955,26.493720958495153,6.00727030156414,23589.78148490744,1.1231015842790077,183.64959819859797,0.0,94.05134207657807,
40,-5,WO,40,58279.610725825885,0.17007112644299635,11.35764488114961,0.1613000545877814,10.319293484632393,299.99999999999994,2014.9271607994574,604.4781482398371,0.26329312904913793,376991.1184307751,1.6034280880567595,188.4437381497357,0.0,95.63324745306072,",Rp@300"
30,-7,38,Mar,38.1533546432172,0.05578986073278541,41.38099554888399,0.034224981650200256,7.578152494561921,127.21581157044307,36.83869622802111,4.686464637844725,33.960555640741944,89923.55828628765,0.05211609423778061,292.19946262719947,1.5522859222003663e-20,73.81134757223019,Lm@0
30,-5,38,Mar,35.6820204098825,0.06341210075849979,37.78499636498908,0.03756891434722318,7.6168796946466655,97.31329972824052,69.36192534212135,6.7498378305456965,23.57907657746324,68786.71819263496,0.09812705138284104,257.60120395077666,1.6079453817581258e-14,87.59506977329417,Lm@0
30,-7,60,Mar,60.34761941247577,0.05915893420754924,34.91455567190063,0.03113638652403463,16.60925362902324,60.56996319075373,91.90597069817326,5.566741262198845,28.590325218210275,42814.38406236212,0.13002035143353927,244.70469555416477,9.190306591534372e-19,49.18956182932259,Lm@0
30,-5,60,Mar,57.513546476748324,0.0656421450569862,31.350217549344876,0.03382282657472489,16.402470014536142,48.46529313157499,144.63991220883815,7.010015743726614,22.70393518507086,34258.096992652165,0.20462361774590557,226.78643727047412,1.2711381162761165e-14,63.14814787662631,Lm@0
30,-7,200,Mar,205.54287676184447,0.06173420201345352,24.628981260503316,0.041232095379368984,24.108885492330742,11.505535773298913,214.62895520244206,2.469421122067467,64.45030443355343,8132.7839987273455,0.3036378591210455,213.77656692820452,1.6822170382873675e-15,12.324337511078022,Lm@0
30,-5,200,Mar,202.2638390681768,0.06502231598104047,21.043604569983927,0.03980827233153071,21.024436202790383,9.60325392785242,412.8201238612619,3.964416475967186,40.14586864339646,6788.140197817159,0.5840210072918073,223.97747004176648,1.3270291199708602e-52,10.662194834131187,Lm@0
30,-7,WO,Mar,26901.931935539636,0.06999549770534472,21.96423308948995,0.06290886375419083,21.280593072584267,2.3328717719204923,0.1000000000004147,0.0002332871771930167,682227.5660706976,1649.009884597295,0.00014147106052671588,61.51137205934032,0.0,126.67428321372529,",Cp@lo"
30,-5,WO,Mar,41794.21570574908,0.07720795599758754,18.51962386353122,0.07076734571425508,17.926847282622365,2.1438762951609123,0.10000000001483392,0.0002143876295478933,742369.9932105493,1515.4168542936357,0.0001414710605471149,84.78406973520438,0.0,113.02327612596204,",Cp@lo"
30,-7,38,Jan,37.938294147860866,0.06341344111328859,37.948510432085094,0.03689620615436105,8.296356901626215,117.35715686215191,40.0220131753336,4.696869678156735,33.88532235247263,82954.88591497231,0.056619566483051595,300.39668410292444,2.9500447344907078e-12,83.11429570856916,Lm@0
30,-5,38,Jan,34.889372888630504,0.07058236592345965,35.846987257742434,0.04034669870508054,7.835989288554824,96.14807050843942,68.15151177161954,6.552636359074414,24.288688456134107,67963.066192383,0.09641466646789994,270.8379538397261,6.99709533230726e-15,98.52263390133068,Lm@0
30,-7,76,Jan,73.29008493398887,0.0659210624612163,32.68501380621466,0.03014128977082656,24.67775604015506,42.19747278423144,137.8407344949602,5.816530642409555,27.36252121349847,29827.63586227426,0.19500474892702618,234.3822221697552,1.8372219801739467e-19,38.423541484391045,Lm@0
30,-5,76,Jan,70.16991797628395,0.07243703597058201,29.41469802114285,0.035370138811455544,22.131411558575344,35.888459056988765,203.62712001010644,7.307863559375242,21.778587106722295,25368.056847471144,0.2880734461971114,222.90429001842892,1.3257315228671284e-17,51.58543780515226,Lm@0
30,-7,120,Jan,115.01047892837558,0.06291534631838316,28.78681973077768,0.0266621501746683,26.11595373689554,21.14837838881095,263.91101701759806,5.58129004886409,28.51579862334636,14948.907790865765,0.37335771462008926,219.6867082624728,8.742402386086076e-16,25.168478778170265,Lm@0
30,-5,120,Jan,112.1670315927856,0.06856240208958167,25.56028070784499,0.03182499118617015,23.179469330904052,17.592166325071585,408.5033446782991,7.186458783928684,22.146504680137983,12435.169609704293,0.5779140140010987,212.4560810640972,7.598880548294011e-16,36.36538115789571,Lm@0
30,-7,WO,Jan,16549.095614389116,0.07536949478124523,22.25432797863476,0.06402696536590079,21.38709380913181,3.056211448185891,0.10000000000083456,0.00030562114482113973,520758.93893087294,2160.3085725235087,0.00014147106052730986,137.94925413020115,0.0,67.3804880412553,",Cp@lo"
30,-5,WO,Jan,16773.673942601225,0.08129602878276787,18.80213745006883,0.07167500186673163,18.06517731978098,2.7023611614466274,0.10000000000063304,0.0002702361161463734,588947.7149149413,1910.1865437330987,0.00014147106052702477,71.28661207451349,0.0,143.650552329933,",Cp@lo"
