D,V,lab,camp,Rm,sheet,n,fmax,Cpd_CV,f_RC,f3_meas,f3src,rms0,mean0,min0,rms0_le15,rms0_gt15,r0_5,r0_10,r0_15,r0_20,r0_end,tau_x_ps,f_x,rms_pole,tau_xo_ps,c0_pole,rms_poleo,tau_x15_ps,k,rms_k,ko,c0_k,rms_ko,f_g,rms_g,f_e,rms_e,C_inf,rms_Cinf,C_inf_ratio,C_ph,rms_Cph,C_ph_ratio,s11rms_base,s11rms_Cinf_fixL,s11rms_Cinf_refitL,L1_inf,Lm_inf,L2_inf,fRC_Cinf,fRC_Cinf_refit,f3_model_base,f3_model_pole,f3_model_k,f3_model_g,f3_model_Cinf
40,-5,80,40V2,77.2,Bias_5V_Iph_1mA_40um_38ohm_2.xlsx,30,16.0,274.6000000000001,18.703225406116925,15.967454416582614,raw,0.7433309660859089,-0.5286447833187007,-1.610561020837506,0.7547694994494161,0.5591385471825833,-0.1830285736400138,-0.985411544375195,-0.45901157177537877,,-0.666116017090292,6.037833977756011,26.359609038313774,0.3667057508586923,5.759449122641444,-0.06668903266619841,0.36440866615468137,6.7029126601232205,2.038919925805557,0.37951924401905085,1.9404153970496572,-0.10315329403297648,0.3735559132889777,40.11100125445541,0.38277911741477166,123.71674442776849,0.33662285537474296,351.1894911528695,0.33376153542730386,1.2789129320934791,333.0154164874412,0.34946941450142904,1.2127291204932305,0.13562075675424326,0.1797932659772123,0.17229497971159058,12.878953215837601,599.9999999999965,221.96060872165822,14.687030106663501,15.489980789694162,17.45022273363814,14.646081802094939,14.663128227581591,14.666075997058723,14.687030106663501
40,-5,WO,40V2,open,Bias_5V_Iph_1mA_40um_WO_2.xlsx,32,14.67,274.6000000000001,11.35764488114961,10.027380830211536,poly3,0.43774495933175334,-0.20514917911106784,-1.260357988711037,0.43774495933175334,,-0.1341712287181434,-0.6789702931488879,,,0.21680860951210512,4.1982003082665615,37.910278549241134,0.34033143194755877,4.230348295617761,0.0052932834925718975,0.34031403435505275,4.1982003082665615,1.6261726961893355,0.34099521319870546,1.6248691917600346,-0.00094165378801685,0.34099463786427026,55.243679879747816,0.34125243424989854,269.15563279220305,0.3420710288754148,305.73469617221565,0.3390892152468035,1.1133819962571578,294.1455883487676,0.3368121433705173,1.0711783989394301,0.17007112644299635,0.19266282932021284,0.18907685304000918,96.79872628756844,0.0,162.02341209562027,10.106750215119023,10.019793793109093,10.89593424127673,10.252404144558433,10.262942658507702,10.26644018918113,10.106750215119023
40,-7,38,40V1,42.5,Bias_7V_Iph_1mA_40um_38ohm_1.xlsx,40,20.33,227.6,30.719945911571838,16.895448297291118,poly3,1.3537138363512458,-0.9921945751837761,-3.4451676913457545,0.6061584690127536,2.3864433679361663,-0.3483783338633067,-0.4641495088322714,-1.221668941079993,-3.2839038862249996,-2.970862382167069,7.1648159387331996,22.21340289169177,0.26966548855792616,7.381286165235255,0.08149850327072321,0.26512589667493286,6.162886864331743,2.272985726294975,0.22536048612387505,2.291984127683794,0.0355559787391425,0.22416553232416772,35.159471432763546,0.21664130655905572,81.1476405223825,0.4451727595207004,379.19458132137476,0.3503913453504118,1.6660570356826658,349.8476059888297,0.30519966095640233,1.537116019283083,0.22134455285858456,0.32624233890086163,0.3111205748389291,5.370522443736376e-10,297.2939146591359,122.55557052690578,16.849419135362485,18.672338573422326,25.535672067988084,16.772065223726305,16.722086652436275,16.72810876409444,16.849419135362485
40,-7,80,40V2,80.3,Bias_7V_Iph_1mA_40um_38ohm_2.xlsx,40,20.83,227.6,21.816071129337598,16.11721434233676,poly3,1.1178424133436453,-0.9111526572008956,-2.2365596509078958,1.0007227483216177,1.3522320409408102,-0.34626272117834717,-1.059825093571318,-1.144401964509347,-0.623338142742935,-0.5455009401481306,5.742096241216325,27.71721970619256,0.6326316376713353,4.177887047621347,-0.4992903828597542,0.5552771154907026,8.237959604894698,1.9153964637678262,0.663521831069447,1.5623546601197509,-0.5403191602727843,0.5621852784818945,44.013473909379506,0.6717386487780689,106.481983587283,0.50402189255181,308.3224443923146,0.5599470007542171,1.3546680333581484,286.0562918269699,0.6034259917900797,1.256837837552592,0.1319312007274774,0.19234848261362053,0.1647470384455153,5.72906203758441,599.9999999999825,220.81316072688747,16.527871750197306,17.374716301502104,20.125288037568698,16.79105515283176,16.943437517693038,16.978632337399382,16.527871750197306
40,-7,100,40V1,107.5,Bias_7V_Iph_1mA_40um_100ohm_1.xlsx,40,20.67,227.6,20.12582315959839,14.764084398614465,poly3,1.5356832331860286,-1.0960431016944354,-4.063972904805204,0.656248090775041,2.7276985731367867,-0.41891396808331893,-0.5701722811389222,-1.4798397656696671,-3.177095671854936,-4.063972904805204,7.597609227178792,20.94802961470474,0.35198814253091293,7.979028474683778,0.14858941144554538,0.34047771516544323,6.327835226266297,2.3640564597895097,0.2909779058780123,2.410377207204851,0.09256693721758834,0.28463546380260174,33.56134707273735,0.27840422808420445,73.26414549204695,0.5463224231367271,333.18583762225154,0.4990179482938294,1.463909655633794,313.0220997193253,0.43714010461503194,1.37531678259809,0.11940016130536991,0.20907520044111222,0.1707003737857112,6.2494262112649155,599.9999999999891,213.79082186589034,13.820844000582504,13.448589363436943,18.612199904147012,14.175872363358302,14.30680883918378,14.347831814733313,13.820844000582504
40,-7,140,40V1,142.5,Bias_7V_Iph_1mA_120ohm_40um_140ohm_1.xlsx,30,15.5,227.6,18.774953516667725,14.472617014306902,poly3,0.6537784983724682,-0.5598333719053011,-1.6525597154810931,0.5899104588627407,1.6525597154810931,-0.5453494461992715,-0.4570489728352185,-1.1217043585573143,,-1.6525597154810931,5.883690232782945,27.05019074680554,0.2724573654245252,4.706836159122567,-0.26059315378249037,0.21504091027748426,5.703692278754834,2.021637373914194,0.27389299526420935,1.747616907488346,-0.2618225467107818,0.21273724021570442,40.450499686016585,0.2742949739072948,130.8277229578634,0.24145352735940412,291.37411515129253,0.2765863635220271,1.2802026149002308,275.8497123249281,0.27503152505753625,1.211993463642039,0.1290991892621853,0.19404166505503526,0.17770400761941274,20.244437904893097,599.9999999999999,195.93490227738258,14.638548190660126,13.986610494463223,17.381034409225958,14.49223696990036,14.460611629992645,14.453153089699157,14.638548190660126
40,-7,WO,40V1,open,Bias_7V_Iph_1mA_40um_WO_3.xlsx,45,22.5,227.6,13.776150237855298,10.166999677072,poly3,2.1419547920722306,-1.7006925331847147,-4.616631985917055,1.0184323905575672,3.4189913608504443,-0.9878844486679655,-1.2443871399516944,-1.505185887697944,-4.165728407544498,-4.616631985917055,8.738922406585006,18.212193184364235,0.4339843337833219,8.393600849912847,-0.14683389455634296,0.42568558630782877,7.814126474319594,2.5477027996405797,0.3946216939206798,2.446283821210478,-0.2417011617353856,0.36274493823375875,30.983925213076184,0.39337574648388623,55.53862035814009,0.5508654265321338,343.5667778117002,0.8330233925578548,1.5095201134081733,323.63563223588335,0.7108787108687804,1.4219491750258495,0.1673174419666527,0.30952395543998557,0.27460746961945537,76.79929961962716,0.0,144.59518431825774,8.837659988991971,8.565799933214393,13.028416277036165,10.100070529599192,10.458032464243642,10.539705295675226,8.837659988991971
30,-5,38,Mar,35.7,Bias_5V_Iph_1mA_30um_38ohm_1.xlsx,70,36.83,161.10000000000002,37.78500850825858,33.20976420894229,poly3,0.6844178548750982,0.003219055343707376,-1.1585193680663302,0.5580747880091703,0.7570213696535024,-0.4204279452481466,-0.6132821660887819,-0.2637947046882804,0.15414160840163232,1.7880052509802233,1.4343849828388211e-08,11095692230.192516,0.6844178548750982,1.1350900632359846e-09,0.003219055115397721,0.6844102846644876,5.588729690267215,0.8343153616178713,0.6084166750003435,0.5626489762699951,-0.5305782293195398,0.49659789543312705,inf,0.6844178548750982,inf,0.6844178548750982,194.54901857079855,0.6114144775183857,1.2076289172613193,146.01556771049246,0.6015241613682353,0.9063660317224856,0.06341210076141594,0.082975281595578,0.059606757695630876,36.69378920401704,116.9821497369482,150.58835300233946,32.498064575279436,35.210988747254504,30.751246349405243,30.751246349405243,32.51845182343517,30.751246349405243,32.498064575279436
30,-5,60,Mar,57.5,Bias_5V_Iph_1mA_30um_60ohm_1.xlsx,60,31.33,161.10000000000002,31.350313193800115,27.220453557917992,poly3,0.7617961910978917,-0.4013113792584679,-1.4186731183555836,0.8698827078236465,0.6444758903503194,-0.7379183872208698,-0.9357253533275471,-0.5460295832194373,0.030632131436947152,-1.3865469132701413,0.5363920478551063,296.71383781380615,0.7614941022816362,1.6863916666545232e-11,-0.4013113792610532,0.6475203577100273,6.8776903868114285,1.0157430155201537,0.7614222866078502,0.40825513105969413,-0.8790961199048489,0.4917403082675619,426.8434027518086,0.7615030538531525,1038.8234651238265,0.7464253492783075,200.17188704256859,0.7470613051797568,1.2425318872909283,162.3065424438703,0.7613970822555957,1.0074894006447566,0.06564214507680403,0.10429631464692062,0.059990730789836744,28.529099336957106,251.85389163269247,159.72736277771133,25.887456941487393,29.086370130529307,26.225963848869362,26.11087802573642,26.09959237071652,26.114292778630126,25.887456941487393
30,-5,200,Mar,202.3,Bias_5V_Iph_1mA_30um_200ohm_1.xlsx,60,26.5,161.10000000000002,21.04360810702473,16.432441448308193,poly3,0.6672050643228083,-0.5213859301192906,-1.4638886174370414,0.702171439230948,0.6327476870479896,-0.5803001355484936,-0.8285251393116886,-0.5324669635195545,-1.1256354620046856,0.30579612069405826,2.5594918442670824,62.18224271680373,0.5752646665171454,6.225566259274065e-10,-0.521385930162401,0.41631635775170417,6.100288904530228,1.2664111997969536,0.5772172486687732,0.7880130741193822,-0.6898655563692538,0.3955669706904946,92.39924169238132,0.5792261452563873,323.2319823653224,0.5095156214007015,202.45033853057848,0.4721829680030271,1.2566749753605118,177.96234955860615,0.5385600294679068,1.1046700779553453,0.06502231598147992,0.12526559945866997,0.0689617384877626,1.3668793735638432e-15,599.9999999999999,185.15604166809746,17.002658074458385,17.908272681717133,18.763995857150572,17.686185775934085,17.722152714485638,17.743596940422428,17.002658074458385
30,-5,WO,Mar,open,Bias_-5V_Iph_1mA_30GHz.xlsx,59,29.92,161.10000000000002,18.519622134870456,14.5775825528067,poly3,0.8393061833924886,-0.4094209786283116,-1.7000891644539864,0.9619987038794439,0.7005677130647905,-1.0087066388987411,-1.2769138365773236,-0.2937227746853667,0.3265184091907489,1.2753952452231463,1.654916639566139e-08,9617097277.698542,0.8393061833924886,4.714888077993884e-13,-0.4094209786283851,0.7326727316748599,7.276044943798719,0.9996461700928516,0.8393060389015269,8.81762766583884e-07,-0.944766410385356,0.5572368478080499,inf,0.8393061833924886,1026.4774218623936,0.8260402156332911,189.20268067083984,0.7374759600850824,1.1744424622646792,165.00123173494072,0.831332080377255,1.0242162118866585,0.07720795599842795,0.14722024472042947,0.12034384761809469,55.697798453167835,0.0,120.67770837611661,15.751692626299278,15.39008860628566,16.845192153076713,16.845192153076713,16.846203020468597,16.845192153076713,15.751692626299278
30,-7,38,Jan,37.9,Bias_7V_Iph_1mA_38ohm_30um_1.xlsx,77,37.83,133.5,37.94895050725626,33.99532798691818,poly3,0.9396095667236597,0.7043429850679385,-1.8946436394164796,0.5036195059081428,1.1146426134313963,-0.18929456033460326,0.2590459614232269,0.6869390449421168,0.7684150190226849,1.0210167345709635,1.5765590245190447e-08,10095083064.869595,0.9396095667236597,6.887072957589802e-16,0.7043429850679379,0.621906019639792,9.473294154335732e-11,0.5130931425450214,0.44543129921933033,0.6119521335615895,0.16491047318710741,0.43274527383795364,inf,0.9396095667236597,inf,0.9396095667236597,147.29923866419554,0.4535457269953806,1.1033650836269329,90.76210216482441,0.45863132993055233,0.6798659338189095,0.06341344116199853,0.06786202404798919,0.06278985767673223,26.564219395550666,52.93093218032314,160.4057612811912,35.265194622234354,37.8508534755216,29.367390900004192,29.367390900004192,35.02369534637416,29.367390900004192,35.265194622234354
30,-7,38,Mar,38.2,Bias_7V_Iph_1mA_30um_38ohm_2.xlsx,70,36.67,133.5,41.38107388203738,32.660044953223895,poly3,0.6469735932045326,-0.30957933995563863,-1.295716775149534,0.7251492318770916,0.5854087018238134,-0.5490058603445789,-0.8015257389696337,-0.4625946941976207,-0.2525084241187384,0.49059298918838934,0.5589595483969401,284.73427737005557,0.6462078457476684,4.975031927366091e-14,-0.30957933995564596,0.5680981099921169,6.507253121989302,1.0166314141993402,0.6461019275711759,0.7486032687968537,-0.6415384802943442,0.4843110747482149,407.87721834186664,0.6462228004923971,1459.658036504905,0.6347494127283023,185.89395666693633,0.6490063339132178,1.3924640948834182,134.53158928924267,0.6466648729183192,1.007727260593578,0.05578986074311354,0.10963757836199835,0.04987875076887559,21.456307487486182,141.87699648703554,150.03161852074643,31.683030491615632,36.65924600515767,32.005961828959435,31.79109736532149,31.77923641009966,31.795208573718583,31.683030491615632
30,-7,60,Mar,60.3,Bias_7V_Iph_1mA_30um_60ohm_2.xlsx,59,31.33,133.5,34.91470577654869,28.162945076636927,poly3,0.8466796561020931,-0.5955756083321168,-1.5392790484843064,1.0124274621485616,0.6622263941949108,-0.9140633963511048,-1.096991531254145,-0.7184025848312162,-0.09781263028290123,-1.0627401376007444,1.7197659610390776,92.54453611567843,0.8197595575327591,1.2480964758199804e-10,-0.5955756083495456,0.6017940966950304,7.640761109642263,1.1325458130721116,0.8198086832149805,0.5183570556327265,-1.0167497087109947,0.47778428794469274,136.13892862482834,0.8208133406945411,445.54578109731386,0.7681841972314561,183.4624687868568,0.8017735236898735,1.3742507025232717,144.30124347156195,0.8204679715250832,1.0809081907982168,0.05915893423211917,0.13303321325903064,0.051405033696112074,13.882933733588892,285.69127054616274,161.69391019967924,26.67668824246645,31.222818562032284,28.20245291735743,26.845507321837182,26.868722864866033,26.89331519489351,26.67668824246645
30,-7,76,Jan,73.3,Bias_7V_Iph_1mA_30um_76ohm_1.xlsx,60,33.67,133.5,32.685155862555895,31.35848904239999,poly3,0.9853416415465431,0.7469155874121699,-2.172968068898798,0.6216553794589129,1.190724548984812,0.009528745781175553,0.3926057901903322,0.8180994810771228,0.8097752733594725,1.3684848525041922,7.984351688920116e-11,1993335831045.0508,0.9853416415465431,1.214998722163e-09,0.7469155871931216,0.6426626298816273,1.2854411728047133e-05,0.16123959834098217,0.4732194641009048,0.4585916483747873,0.2209897485181652,0.45019067883204844,inf,0.9853416415465431,inf,0.9853416415465431,133.90994793469545,0.4736973996191084,1.003070771046408,97.09042009586545,0.47234999918558573,0.7272690643885052,0.06592106246790724,0.06590138494113258,0.06588844115130855,38.96595903701239,66.19702581024707,150.6050962933144,32.60688150380901,32.67625672733717,26.889499718880995,26.889499718880984,32.4849773378857,26.889499718880995,32.60688150380901
30,-7,120,Jan,115.0,Bias_7V_Iph_1mA_30um_120ohm_1.xlsx,50,27.75,133.5,28.7869027208974,27.05063993643161,poly3,0.5488748353084302,0.30911009627420294,-1.0142040078178716,0.36262036770467126,0.6965494548669826,-0.2325134567238269,0.074985253058046,0.5124670169909482,0.5310248247742468,0.5519653781993465,2.8966604560289044e-07,549442868.8065302,0.5488748353084343,1.7254301026142782e-09,0.30911009606193063,0.45355764045621516,2.1874038932091777e-05,0.5181526822419412,0.3227539609157976,0.43863036174956077,-0.06183127147535685,0.32019519595694274,inf,0.5488748353084302,inf,0.5488748353084302,141.08297367180234,0.32345095102538685,1.0568013009123771,112.35838014068416,0.3221571396869445,0.8416358062972596,0.06291534633505788,0.06820626707390799,0.06224503074140787,46.424901009103834,167.6002519799036,148.46393675051846,27.516198676470967,28.66003687335012,24.39817633026095,24.398176330260924,27.379992555676115,24.39817633026095,27.516198676470967
30,-7,200,Mar,205.5,Bias_7V_Iph_1mA_30um_200ohm_1.xlsx,59,26.33,133.5,24.62898126250384,19.77629824025923,poly3,0.6115476379771703,-0.48470691158801593,-1.3533750689916901,0.6431514660605627,0.5815278448698484,-0.6600613803630878,-0.7847757808852615,-0.5172699049968186,-0.6092722790450251,0.4030818534830338,2.474225085676432,64.32516750931889,0.5212692721986678,2.1252035453683425e-08,-0.48470691293087387,0.37289371592219617,5.972962358792378,1.2522383880005177,0.5228764640341352,0.8334115131147237,-0.620542824766397,0.35746086001817806,95.19704988322438,0.5247073465936574,345.356371001945,0.4595734911628062,172.87813335329113,0.4489706579624835,1.2949672910358887,148.54174662653625,0.49955482855155403,1.1126722593748033,0.061734202013468215,0.13346889366171616,0.06004904199630299,1.5700830879805876e-12,599.9999999999999,175.46923331114817,19.609463360174125,20.822764620317436,21.382091616776812,20.006062945828212,20.040454820089035,20.06040627224093,19.609463360174125
30,-7,WO,Jan,open,Bias_7V_Iph_1mA_30um_WO_1.xlsx,40,20.83,133.5,22.254327291311935,19.39331773856102,poly3,0.718639833663954,-0.4828780180498864,-2.306694516011057,0.7881401463516199,0.49026399221595574,-1.359163840503119,-0.7324608582906237,0.07835235535268015,0.09433769224681332,-0.3517189615315566,2.5970983647122123,61.28183100586238,0.6849814241032631,3.6147875968378553e-13,-0.48287801804991676,0.5322330600524259,4.754277785522399,1.2769352095374913,0.6855263455466023,0.1973714829785679,-0.7321587314378166,0.48415418685828143,89.83840023119545,0.686051674244409,328.13473835304063,0.6421427883930905,161.55045539761076,0.6624377175696283,1.2101157707686199,144.9435867154297,0.6778701346104068,1.085719750677376,0.07536949478135391,0.15920166159827295,0.11830502768926157,56.4154237174901,0.0,122.2325818762548,18.596203151291682,18.10989250294189,19.81229868444921,18.619955092246677,18.64136793265028,18.649501219305616,18.596203151291682
30,-7,WO,Mar,open,Bias_7V_Iph_1mA_30GHz_30um_WO_2.xlsx,60,30.08,133.5,21.964233904393,17.46499047184734,poly3,0.8672544814807082,-0.4944817191390177,-1.936543004687724,0.9634654838333404,0.7589433000946322,-0.7372303202266421,-1.1994340218078234,-0.49628827615914195,0.16115768624804383,1.3049322033232231,1.1875051720909162,134.02463149837155,0.8619256529398918,5.514034889595582e-12,-0.49448171913982547,0.7124732732430694,7.556969546671174,1.067453439731667,0.8617077991243651,0.36728368860366234,-0.9564394237978667,0.5819694093948735,195.91182848246586,0.862176395769635,604.7371998833938,0.8297627746360792,163.33317770341236,0.7649433554673376,1.2234694959057106,139.59120600350028,0.8465147323581267,1.0456270112621744,0.06999549770549533,0.1688217985175758,0.12587268791797557,50.860604609307764,0.0,110.16629953313966,18.089325521926682,17.5276066032143,19.474028053840374,19.19537770677199,19.194008479631766,19.210231071157402,18.089325521926682
