path,md5,n_pts,n_raw_ge0,f_min,f_max,hdr_row,V,I0,L3,L4,xlsx_loss,s2p_loss,date,time,link_max_abs,cal_minus_rawtot_maxabs,tot_minus_prblnk_maxabs,ipd_mean,ipd_min,ipd_max,voa_min,voa_max,cols,probe_1G,f_at_1G,probe_5G,f_at_5G,probe_10G,f_at_10G,probe_15G,f_at_15G,probe_20G,f_at_20G,probe_25G,f_at_25G,probe_30G,f_at_30G,s2p,fam_applied,rms_to_A,rms_to_B
data_PD0008_1/Bandwidth/15um/H.V/WO/Bias_-7V_Iph_1mA.xlsx,bbe9fb582814babebb339059460a67b6,58,0,0.5,29.42,14,-7.000000E+00 V,-1.019 (mA),1555.7 (nm),1555.043 (nm),,C:/Users/jcchighpower/Desktop/Jeongyong/Bias_tee+cable_cal/Cal.s2p,02/04/2026,13:33:49,0.0,3.552713678800501e-15,0.0,-1.0081724137931032,-1.019,-0.994,6.253,6.354,F_BEAT (GHz)|I_PD (mA)|Raw RF POW (dBm)|Total RF Loss (dB)|RF Probe Loss (dB)|RF Link Loss (dB)|Cal RF POW (dBm)|VOA P Actual (dBm),0.2,1.0,0.32,5.08,0.47,10.0,0.88,15.17,1.06,19.67,1.2,25.0,,,Cal.s2p,A,1.1911169285653465e-15,0.3293227114486061
data_PD0008_1/Bandwidth/15um/H.V/WO/cal.xlsx,cd4a8c89b9bdd84a1b877d29af318236,1,0,0.5,0.5,14,-3.000000E+00 V,-0.0 (mA),1555.7 (nm),1555.046 (nm),,C:/Users/jcchighpower/Desktop/Jeongyong/Bias_tee+cable_cal/Cal.s2p,02/04/2026,13:37:14,0.0,7.105427357601002e-15,0.0,0.0,-0.0,-0.0,-48.05,-48.05,F_BEAT (GHz)|I_PD (mA)|Raw RF POW (dBm)|Total RF Loss (dB)|RF Probe Loss (dB)|RF Link Loss (dB)|Cal RF POW (dBm)|VOA P Actual (dBm),,,,,,,,,,,,,,,Cal.s2p,n/a,,
data_PD0008_1/Bandwidth/25 um/Bias_-5V_Iph_1mA_diff_probe_upto_30GHz.xlsx,24fbaa9e701d422d72b7b7788cbf72cd,60,0,0.5,31.33,14,-5.000000E+00 V,-1.014 (mA),1555.75 (nm),1555.051 (nm),,C:/Users/jcchighpower/Desktop/Jeongyong/Bias_tee+cable_cal/S21_cal_bias_tee_cal.s2p,02/16/2026,15:04:33,0.0,3.552713678800501e-15,0.0,-1.0115500000000002,-1.014,-1.01,4.6,4.623,F_BEAT (GHz)|I_PD (mA)|Raw RF POW (dBm)|Total RF Loss (dB)|RF Probe Loss (dB)|RF Link Loss (dB)|Cal RF POW (dBm)|VOA P Actual (dBm),0.23,1.0,0.38,4.75,0.29,10.17,0.63,14.67,1.36,19.83,1.23,24.83,1.26,30.08,S21_cal_bias_tee_cal.s2p,B,0.3219834364269895,1.0450259880334738e-15
data_PD0008_1/Bandwidth/25 um/Bias_-7V_Iph_1mA_diff_probe_upto_30GHz.xlsx,5b8c4d2a67b969cc2ab372a05ea8831f,60,0,0.5,31.08,14,-7.000000E+00 V,-1.021 (mA),1555.75 (nm),1555.049 (nm),,C:/Users/jcchighpower/Desktop/Jeongyong/Bias_tee+cable_cal/S21_cal_bias_tee_cal.s2p,02/16/2026,14:43:25,0.0,3.552713678800501e-15,0.0,-1.0173666666666668,-1.022,-1.013,4.605,4.644,F_BEAT (GHz)|I_PD (mA)|Raw RF POW (dBm)|Total RF Loss (dB)|RF Probe Loss (dB)|RF Link Loss (dB)|Cal RF POW (dBm)|VOA P Actual (dBm),0.29,1.17,0.38,4.75,0.35,10.0,0.72,15.17,1.6,20.17,1.23,24.83,1.24,29.92,S21_cal_bias_tee_cal.s2p,B,0.3288833357682724,1.6987984415266971e-15
data_PD0008_1/Bandwidth/30um/120 ohm/Bias_-7V_Iph_1.034mA.xlsx,01235a0190dd9c2f7e96c116698638ee,50,0,1.17,27.75,14,-7.000000E+00 V,-59.745 (mA),1555.2 (nm),1554.593 (nm),,C:/Users/jcchighpower/Desktop/Jeongyong/Bias_tee+cable_cal/Cal.s2p,01/21/2026,17:34:57,0.0,3.552713678800501e-15,0.0,-59.786660000000005,-59.82,-59.745,5.886,5.894,F_BEAT (GHz)|I_PD (mA)|Raw RF POW (dBm)|Total RF Loss (dB)|RF Probe Loss (dB)|RF Link Loss (dB)|Cal RF POW (dBm)|VOA P Actual (dBm),,,0.32,5.08,0.47,9.83,0.88,15.17,1.07,19.83,1.2,24.83,,,Cal.s2p,A,7.236065407667668e-16,0.33458930048643165
data_PD0008_1/Bandwidth/30um/120 ohm/Bias_-7V_Iph_6mA.xlsx,792d3902ae89b6a471c798bb6e16a3cd,50,0,1.5,28.08,14,-7.000000E+00 V,-64.709 (mA),1555.2 (nm),1554.593 (nm),,C:/Users/jcchighpower/Desktop/Jeongyong/Bias_tee+cable_cal/Cal.s2p,01/21/2026,17:44:22,0.0,8.881784197001252e-16,0.0,-64.71824,-64.794,-64.64,13.391,13.405,F_BEAT (GHz)|I_PD (mA)|Raw RF POW (dBm)|Total RF Loss (dB)|RF Probe Loss (dB)|RF Link Loss (dB)|Cal RF POW (dBm)|VOA P Actual (dBm),,,0.32,5.08,0.48,10.17,0.85,14.83,1.07,20.17,1.2,25.17,,,Cal.s2p,A,8.656892398314543e-16,0.34563853951780343
data_PD0008_1/Bandwidth/30um/40 ohm/Bias_-7V_Iph_1mA.xlsx,75c8923a3607de598f217358c0c70772,80,0,0.5,37.83,14,-7.000000E+00 V,-177.359 (mA),1555.2 (nm),1554.581 (nm),,C:/Users/jcchighpower/Desktop/Jeongyong/Bias_tee+cable_cal/Cal.s2p,01/21/2026,19:56:18,0.0,3.552713678800501e-15,0.0,-177.3352,-177.359,-177.313,6.325,6.371,F_BEAT (GHz)|I_PD (mA)|Raw RF POW (dBm)|Total RF Loss (dB)|RF Probe Loss (dB)|RF Link Loss (dB)|Cal RF POW (dBm)|VOA P Actual (dBm),0.2,1.0,0.32,5.08,0.47,9.83,0.85,14.83,1.07,20.17,1.2,24.83,1.1,29.75,Cal.s2p,A,1.3267049011646797e-15,0.31996874847397205
data_PD0008_1/Bandwidth/30um/40 ohm/Bias_-7V_Iph_6mA.xlsx,cf29de342a3bdb53f8186091f06dbfec,80,0,0.5,47.0,14,-7.000000E+00 V,-182.352 (mA),1555.2 (nm),1554.584 (nm),,C:/Users/jcchighpower/Desktop/Jeongyong/Bias_tee+cable_cal/Cal.s2p,01/21/2026,20:14:07,0.0,1.7763568394002505e-15,0.0,-182.3731125,-182.416,-182.336,14.086,14.12,F_BEAT (GHz)|I_PD (mA)|Raw RF POW (dBm)|Total RF Loss (dB)|RF Probe Loss (dB)|RF Link Loss (dB)|Cal RF POW (dBm)|VOA P Actual (dBm),0.25,1.17,0.32,5.08,0.48,10.17,0.87,15.0,1.06,19.67,1.2,25.17,1.14,30.08,Cal.s2p,A,8.874842590472261e-16,0.3352653838976471
data_PD0008_1/Bandwidth/30um/40 ohm/cal.xlsx,0ea31c56ecf18311938ddbeb392cbef8,1,0,0.5,0.5,14,-7.000000E+00 V,-176.336 (mA),1555.2 (nm),1554.582 (nm),,C:/Users/jcchighpower/Desktop/Jeongyong/Bias_tee+cable_cal/Cal.s2p,01/21/2026,19:59:08,0.0,0.0,0.0,-176.336,-176.336,-176.336,-48.295,-48.295,F_BEAT (GHz)|I_PD (mA)|Raw RF POW (dBm)|Total RF Loss (dB)|RF Probe Loss (dB)|RF Link Loss (dB)|Cal RF POW (dBm)|VOA P Actual (dBm),,,,,,,,,,,,,,,Cal.s2p,n/a,,
data_PD0008_1/Bandwidth/30um/60 ohm/Bias_-7V_Iph_1mA.xlsx,b457137d952f1037406a41d4f0106f95,80,0,0.33,37.83,14,-7.000000E+00 V,-118.628 (mA),1555.2 (nm),1554.582 (nm),,C:/Users/jcchighpower/Desktop/Jeongyong/Bias_tee+cable_cal/Cal.s2p,01/21/2026,19:30:58,0.0,3.552713678800501e-15,0.0,-118.56665000000002,-118.633,-118.517,7.664,7.791,F_BEAT (GHz)|I_PD (mA)|Raw RF POW (dBm)|Total RF Loss (dB)|RF Probe Loss (dB)|RF Link Loss (dB)|Cal RF POW (dBm)|VOA P Actual (dBm),0.18,0.83,0.32,4.92,0.47,9.83,0.87,15.0,1.07,20.17,1.2,25.0,1.1,29.75,Cal.s2p,A,1.6681077853815917e-15,0.316954255374494
data_PD0008_1/Bandwidth/30um/76 ohm/Bias_-7V_Iph_1mA.xlsx,cb605b5ebc233dfb05d64844157231f7,60,0,1.5,33.67,14,-7.000000E+00 V,-93.084 (mA),1555.2 (nm),1554.593 (nm),,C:/Users/jcchighpower/Desktop/Jeongyong/Bias_tee+cable_cal/Cal.s2p,01/21/2026,18:13:13,0.0,3.552713678800501e-15,0.0,-93.13143333333332,-93.151,-93.084,5.885,5.92,F_BEAT (GHz)|I_PD (mA)|Raw RF POW (dBm)|Total RF Loss (dB)|RF Probe Loss (dB)|RF Link Loss (dB)|Cal RF POW (dBm)|VOA P Actual (dBm),,,0.32,4.92,0.47,10.0,0.83,14.67,1.07,20.0,1.2,25.0,1.1,29.75,Cal.s2p,A,1.997578887614442e-15,0.3129217154497272
data_PD0008_1/Bandwidth/30um/76 ohm/Bias_-7V_Iph_6mA.xlsx,ea98c803b0d3f85498970e00eb1e1964,70,0,1.5,34.67,14,-7.000000E+00 V,-98.202 (mA),1555.2 (nm),1554.593 (nm),,C:/Users/jcchighpower/Desktop/Jeongyong/Bias_tee+cable_cal/Cal.s2p,01/21/2026,18:26:20,0.0,1.7763568394002505e-15,0.0,-98.16177142857144,-98.218,-98.107,13.485,13.553,F_BEAT (GHz)|I_PD (mA)|Raw RF POW (dBm)|Total RF Loss (dB)|RF Probe Loss (dB)|RF Link Loss (dB)|Cal RF POW (dBm)|VOA P Actual (dBm),,,0.32,4.92,0.48,10.17,0.85,14.83,1.07,20.17,1.2,25.0,1.14,30.08,Cal.s2p,A,9.14743697223124e-16,0.3285987566275061
data_PD0008_1/Bandwidth/30um/Figure_03_27_2026/200 ohm/Bias_-3V_Iph_1mA.xlsx,949c2b07cdc8ea5e6f0a1fa917797b0d,60,0,0.5,26.17,14,-3.000000E+00 V,-15.999 (mA),1555.6 (nm),1555.008 (nm),,C:/Users/jcchighpower/Desktop/Jeongyong/Bias_tee+cable_cal/Cal.s2p,03/29/2026,16:58:58,0.0,3.552713678800501e-15,0.0,-15.990783333333336,-15.999,-15.979,3.75,3.783,F_BEAT (GHz)|I_PD (mA)|Raw RF POW (dBm)|Total RF Loss (dB)|RF Probe Loss (dB)|RF Link Loss (dB)|Cal RF POW (dBm)|VOA P Actual (dBm),0.2,1.0,0.32,4.92,0.47,10.0,0.87,15.0,1.07,20.17,1.19,24.67,,,Cal.s2p,A,1.369975025443283e-15,0.36172272990971005
data_PD0008_1/Bandwidth/30um/Figure_03_27_2026/200 ohm/Bias_-5V_Iph_0.5mA.xlsx,1b6a74a300ce3034d923b9d29f51a66c,60,0,0.5,26.67,14,-5.000000E+00 V,-24.95 (mA),1555.6 (nm),1555.019 (nm),,C:/Users/jcchighpower/Desktop/Jeongyong/Bias_tee+cable_cal/Cal.s2p,03/29/2026,17:23:03,0.0,3.552713678800501e-15,0.0,-24.94475,-24.95,-24.943,0.431,0.468,F_BEAT (GHz)|I_PD (mA)|Raw RF POW (dBm)|Total RF Loss (dB)|RF Probe Loss (dB)|RF Link Loss (dB)|Cal RF POW (dBm)|VOA P Actual (dBm),0.25,1.17,0.32,4.58,0.48,10.17,0.85,14.83,1.07,20.17,1.2,25.0,,,Cal.s2p,A,1.6248750235515265e-15,0.40164038641550937
data_PD0008_1/Bandwidth/30um/Figure_03_27_2026/200 ohm/Bias_-5V_Iph_1mA.xlsx,89a77f32c06adacf62183e5fce6ae028,60,0,0.33,26.5,14,-5.000000E+00 V,-25.537 (mA),1555.6 (nm),1555.019 (nm),,C:/Users/jcchighpower/Desktop/Jeongyong/Bias_tee+cable_cal/Cal.s2p,03/29/2026,16:27:18,0.0,3.552713678800501e-15,0.0,-25.511049999999997,-25.537,-25.501,3.756,3.794,F_BEAT (GHz)|I_PD (mA)|Raw RF POW (dBm)|Total RF Loss (dB)|RF Probe Loss (dB)|RF Link Loss (dB)|Cal RF POW (dBm)|VOA P Actual (dBm),0.2,1.0,0.32,5.25,0.47,10.0,0.87,15.0,1.07,20.0,1.2,25.17,,,Cal.s2p,A,1.635963009051306e-15,0.39680809803564565
data_PD0008_1/Bandwidth/30um/Figure_03_27_2026/200 ohm/Bias_-5V_Iph_3mA.xlsx,b3c399a50b69490c8f7e90f3e9dabcb8,60,5,1.0,27.08,14,-5.000000E+00 V,-27.554 (mA),1555.6 (nm),1555.023 (nm),,C:/Users/jcchighpower/Desktop/Jeongyong/Bias_tee+cable_cal/Cal.s2p,03/29/2026,17:38:57,0.0,7.105427357601002e-15,0.0,-27.491716666666665,-27.555,-27.438,8.13,8.166,F_BEAT (GHz)|I_PD (mA)|Raw RF POW (dBm)|Total RF Loss (dB)|RF Probe Loss (dB)|RF Link Loss (dB)|Cal RF POW (dBm)|VOA P Actual (dBm),0.2,1.0,0.32,4.75,0.47,9.83,0.88,15.17,1.07,20.0,1.2,24.83,,,Cal.s2p,A,1.1416713009042285e-15,0.37082463387821074
data_PD0008_1/Bandwidth/30um/Figure_03_27_2026/200 ohm/Bias_-5V_Iph_5mA_200ohm.xlsx,a225af18196745c4830df60d12258af7,60,1,0.33,26.33,14,-5.000000E+00 V,-29.67 (mA),1555.6 (nm),1555.016 (nm),,C:/Users/jcchighpower/Desktop/Jeongyong/Bias_tee+cable_cal/Cal.s2p,03/29/2026,17:55:50,0.0,1.7763568394002505e-15,0.0,-29.598516666666665,-29.67,-29.511,10.166,10.203,F_BEAT (GHz)|I_PD (mA)|Raw RF POW (dBm)|Total RF Loss (dB)|RF Probe Loss (dB)|RF Link Loss (dB)|Cal RF POW (dBm)|VOA P Actual (dBm),0.18,0.83,0.32,5.08,0.47,10.0,0.85,14.83,1.07,19.83,1.2,24.83,,,Cal.s2p,A,1.0167146220181033e-15,0.368745008584431
data_PD0008_1/Bandwidth/30um/Figure_03_27_2026/200 ohm/Bias_-7V_Iph_1mA.xlsx,19e45eb6849dbecfafea92125becb5bb,60,0,0.33,26.33,14,-7.000000E+00 V,-34.739 (mA),1555.6 (nm),1555.014 (nm),,C:/Users/jcchighpower/Desktop/Jeongyong/Bias_tee+cable_cal/Cal.s2p,03/29/2026,16:01:21,0.0,3.552713678800501e-15,0.0,-34.735283333333335,-34.742,-34.729,3.755,3.798,F_BEAT (GHz)|I_PD (mA)|Raw RF POW (dBm)|Total RF Loss (dB)|RF Probe Loss (dB)|RF Link Loss (dB)|Cal RF POW (dBm)|VOA P Actual (dBm),0.18,0.83,0.32,4.92,0.47,9.83,0.88,15.17,1.07,19.83,1.2,24.83,,,Cal.s2p,A,1.3774522943022217e-15,0.40061411191652574
data_PD0008_1/Bandwidth/30um/Figure_03_27_2026/200 ohm/new cal/Bias_-3V_Iph_1mA.xlsx,1bc4c4b677809353e04819d1b0cb1742,60,0,0.5,26.17,14,-3.000000E+00 V,-15.999 (mA),1555.6 (nm),1555.008 (nm),,C:/Users/jcchighpower/Desktop/Jeongyong/Bias_tee+cable_cal/Cal.s2p,03/29/2026,16:58:58,0.0,3.552713678800501e-15,0.0,-15.990783333333336,-15.999,-15.979,3.75,3.783,F_BEAT (GHz)|I_PD (mA)|Raw RF POW (dBm)|Total RF Loss (dB)|RF Probe Loss (dB)|RF Link Loss (dB)|Cal RF POW (dBm)|VOA P Actual (dBm),0.22,1.0,0.32,4.92,0.47,10.0,0.87,15.0,1.08,20.17,1.19,24.67,,,Cal.s2p,A,0.006324555320336589,0.36239021326005255
data_PD0008_1/Bandwidth/30um/Figure_03_27_2026/200 ohm/new cal/Bias_-5V_Iph_0_5mA.xlsx,2390768fb22c8c8054da24f9afef2c78,60,0,0.5,26.67,14,-5.000000E+00 V,-24.95 (mA),1555.6 (nm),1555.019 (nm),,C:/Users/jcchighpower/Desktop/Jeongyong/Bias_tee+cable_cal/Cal.s2p,03/29/2026,17:23:03,0.0,3.552713678800501e-15,0.0,-24.94475,-24.95,-24.943,0.431,0.468,F_BEAT (GHz)|I_PD (mA)|Raw RF POW (dBm)|Total RF Loss (dB)|RF Probe Loss (dB)|RF Link Loss (dB)|Cal RF POW (dBm)|VOA P Actual (dBm),0.25,1.17,0.33,4.58,0.48,10.17,0.85,14.83,1.08,20.17,1.2,25.0,,,Cal.s2p,A,0.007302967433402099,0.4024363303679227
data_PD0008_1/Bandwidth/30um/Figure_03_27_2026/200 ohm/new cal/Bias_-5V_Iph_1mA.xlsx,3babce88b487840fe2501c4cc719a5b2,60,0,0.33,26.5,14,-5.000000E+00 V,-25.537 (mA),1555.6 (nm),1555.019 (nm),,C:/Users/jcchighpower/Desktop/Jeongyong/Bias_tee+cable_cal/Cal.s2p,03/29/2026,16:27:18,0.0,0.0100000000000015,0.0,-25.511049999999997,-25.537,-25.501,3.756,3.794,F_BEAT (GHz)|I_PD (mA)|Raw RF POW (dBm)|Total RF Loss (dB)|RF Probe Loss (dB)|RF Link Loss (dB)|Cal RF POW (dBm)|VOA P Actual (dBm),0.22,1.0,0.33,5.25,0.47,10.0,0.87,15.0,1.08,20.0,1.2,25.17,,,Cal.s2p,A,0.008062257748298414,0.39672618601078846
data_PD0008_1/Bandwidth/30um/Figure_03_27_2026/200 ohm/new cal/Bias_-5V_Iph_3mA.xlsx,59b83fc62c354786308c6b9026497222,60,5,1.0,27.08,14,-5.000000E+00 V,-27.554 (mA),1555.6 (nm),1555.023 (nm),,C:/Users/jcchighpower/Desktop/Jeongyong/Bias_tee+cable_cal/Cal.s2p,03/29/2026,17:38:57,0.0,0.0100000000000015,0.0,-27.491716666666665,-27.555,-27.438,8.13,8.166,F_BEAT (GHz)|I_PD (mA)|Raw RF POW (dBm)|Total RF Loss (dB)|RF Probe Loss (dB)|RF Link Loss (dB)|Cal RF POW (dBm)|VOA P Actual (dBm),0.22,1.0,0.32,4.75,0.46,9.83,0.88,15.17,1.08,20.0,1.2,24.83,,,Cal.s2p,A,0.006605782590758145,0.3707412721954367
data_PD0008_1/Bandwidth/30um/Figure_03_27_2026/200 ohm/new cal/Bias_-5V_Iph_5mA.xlsx,087b64e39f38b9492c9f27f19de0b54a,60,1,0.33,26.33,14,-5.000000E+00 V,-29.67 (mA),1555.6 (nm),1555.016 (nm),,C:/Users/jcchighpower/Desktop/Jeongyong/Bias_tee+cable_cal/Cal.s2p,03/29/2026,17:55:50,0.0,0.0100000000000006,0.0,-29.598516666666665,-29.67,-29.511,10.166,10.203,F_BEAT (GHz)|I_PD (mA)|Raw RF POW (dBm)|Total RF Loss (dB)|RF Probe Loss (dB)|RF Link Loss (dB)|Cal RF POW (dBm)|VOA P Actual (dBm),0.18,0.83,0.32,5.08,0.47,10.0,0.85,14.83,1.07,19.83,1.2,24.83,,,Cal.s2p,A,0.00802538345881457,0.3692502711060132
data_PD0008_1/Bandwidth/30um/Figure_03_27_2026/200 ohm/new cal/Bias_-7V_Iph_1mA_200ohm.xlsx,39bf9d094677dbe0b2f0055cbdbd97a0,60,0,0.33,26.33,14,-7.000000E+00 V,-34.739 (mA),1555.6 (nm),1555.014 (nm),,C:/Users/jcchighpower/Desktop/Jeongyong/Bias_tee+cable_cal/Cal.s2p,03/29/2026,16:01:21,0.0,3.552713678800501e-15,0.0,-34.735283333333335,-34.742,-34.729,3.755,3.798,F_BEAT (GHz)|I_PD (mA)|Raw RF POW (dBm)|Total RF Loss (dB)|RF Probe Loss (dB)|RF Link Loss (dB)|Cal RF POW (dBm)|VOA P Actual (dBm)|Unnamed: 8,0.18,0.83,0.32,4.92,0.46,9.83,0.88,15.17,1.07,19.83,1.2,24.83,,,Cal.s2p,A,0.0068313005106396514,0.4004684756631913
data_PD0008_1/Bandwidth/30um/Figure_03_27_2026/36 ohm/Bias_-3V_Iph_1mA.xlsx,2def37747292b360f8df2a6edf2dd3b3,70,1,0.67,37.0,14,-3.000000E+00 V,-85.618 (mA),1555.6 (nm),1555.025 (nm),,C:/Users/jcchighpower/Desktop/Jeongyong/Bias_tee+cable_cal/S21_cal_bias_tee_cal.s2p,03/27/2026,18:41:43,0.0,3.552713678800501e-15,0.0,-85.6204857142857,-85.631,-85.608,3.685,3.724,F_BEAT (GHz)|I_PD (mA)|Raw RF POW (dBm)|Total RF Loss (dB)|RF Probe Loss (dB)|RF Link Loss (dB)|Cal RF POW (dBm)|VOA P Actual (dBm),0.29,1.17,0.39,4.92,0.35,10.0,0.63,14.67,1.49,20.0,1.22,25.17,1.24,29.92,S21_cal_bias_tee_cal.s2p,B,0.34296090733612805,1.8390093289503807e-15
data_PD0008_1/Bandwidth/30um/Figure_03_27_2026/36 ohm/Bias_-5V_Iph_0.5mA.xlsx,5863b8e2f00b4ec674acb4c428274685,70,1,0.5,37.17,14,-5.000000E+00 V,-135.624 (mA),1555.6 (nm),1555.030 (nm),,C:/Users/jcchighpower/Desktop/Jeongyong/Bias_tee+cable_cal/S21_cal_bias_tee_cal.s2p,03/27/2026,19:04:41,0.0,7.105427357601002e-15,0.0,-135.62547142857142,-135.646,-135.599,0.578,0.618,F_BEAT (GHz)|I_PD (mA)|Raw RF POW (dBm)|Total RF Loss (dB)|RF Probe Loss (dB)|RF Link Loss (dB)|Cal RF POW (dBm)|VOA P Actual (dBm),0.23,1.0,0.4,5.08,0.33,9.83,0.72,15.17,1.36,19.83,1.23,24.83,1.24,29.92,S21_cal_bias_tee_cal.s2p,B,0.3526185966483142,1.5616504268638406e-15
data_PD0008_1/Bandwidth/30um/Figure_03_27_2026/36 ohm/Bias_-5V_Iph_1mA.xlsx,1209194cde6a8b731a423b81cd09b6eb,70,0,0.5,36.83,14,-5.000000E+00 V,-136.184 (mA),1555.6 (nm),1555.021 (nm),,C:/Users/jcchighpower/Desktop/Jeongyong/Bias_tee+cable_cal/S21_cal_bias_tee_cal.s2p,03/27/2026,18:19:08,0.0,3.552713678800501e-15,0.0,-136.1618142857143,-136.185,-136.145,3.694,3.733,F_BEAT (GHz)|I_PD (mA)|Raw RF POW (dBm)|Total RF Loss (dB)|RF Probe Loss (dB)|RF Link Loss (dB)|Cal RF POW (dBm)|VOA P Actual (dBm),0.23,1.0,0.38,4.75,0.35,10.0,0.72,15.17,1.36,19.83,1.23,25.0,1.26,30.08,S21_cal_bias_tee_cal.s2p,B,0.332047429160141,1.0619079481808573e-15
data_PD0008_1/Bandwidth/30um/Figure_03_27_2026/36 ohm/Bias_-5V_Iph_3mA.xlsx,e068eee3c8868480a01a2a02bdad4010,70,1,0.5,36.67,14,-5.000000E+00 V,-138.089 (mA),1555.6 (nm),1555.020 (nm),,C:/Users/jcchighpower/Desktop/Jeongyong/Bias_tee+cable_cal/S21_cal_bias_tee_cal.s2p,03/27/2026,19:26:52,0.0,3.552713678800501e-15,0.0,-138.1080285714286,-138.146,-138.073,8.059,8.1,F_BEAT (GHz)|I_PD (mA)|Raw RF POW (dBm)|Total RF Loss (dB)|RF Probe Loss (dB)|RF Link Loss (dB)|Cal RF POW (dBm)|VOA P Actual (dBm),0.23,1.0,0.38,4.75,0.29,10.17,0.72,15.17,1.49,20.0,1.22,25.17,1.18,29.75,S21_cal_bias_tee_cal.s2p,B,0.3408922696284281,1.272183572430326e-15
data_PD0008_1/Bandwidth/30um/Figure_03_27_2026/36 ohm/Bias_-5V_Iph_5mA_38ohm.xlsx,efd558476ccead072d2b08140b7c63cb,70,1,0.33,36.83,14,-5.000000E+00 V,-139.963 (mA),1555.6 (nm),1555.025 (nm),,C:/Users/jcchighpower/Desktop/Jeongyong/Bias_tee+cable_cal/S21_cal_bias_tee_cal.s2p,03/27/2026,19:43:32,0.0,1.7763568394002505e-15,0.0,-140.00220000000002,-140.072,-139.934,10.207,10.247,F_BEAT (GHz)|I_PD (mA)|Raw RF POW (dBm)|Total RF Loss (dB)|RF Probe Loss (dB)|RF Link Loss (dB)|Cal RF POW (dBm)|VOA P Actual (dBm),0.23,1.0,0.4,5.08,0.33,9.83,0.69,15.0,1.6,20.17,1.23,24.83,1.25,30.25,S21_cal_bias_tee_cal.s2p,B,0.34330093252095806,1.024534477960842e-15
data_PD0008_1/Bandwidth/30um/Figure_03_27_2026/36 ohm/Bias_-7V_Iph_1mA.xlsx,1ad6ba1b47a0b6f76c14231ca515fe78,70,0,0.5,36.67,14,-7.000000E+00 V,-176.747 (mA),1555.6 (nm),1555.020 (nm),,C:/Users/jcchighpower/Desktop/Jeongyong/Bias_tee+cable_cal/S21_cal_bias_tee_cal.s2p,03/27/2026,17:55:28,0.0,3.552713678800501e-15,0.0,-176.7103,-176.757,-176.66,3.697,3.735,F_BEAT (GHz)|I_PD (mA)|Raw RF POW (dBm)|Total RF Loss (dB)|RF Probe Loss (dB)|RF Link Loss (dB)|Cal RF POW (dBm)|VOA P Actual (dBm)|Unnamed: 8|Unnamed: 9|Unnamed: 10,0.23,1.0,0.38,4.75,0.29,10.17,0.72,15.17,1.49,20.0,1.23,25.0,1.18,29.75,S21_cal_bias_tee_cal.s2p,B,0.3446736598369337,1.4538654070910221e-15
data_PD0008_1/Bandwidth/30um/Figure_03_27_2026/36 ohm/new cal/Bias_-3V_Iph_1mA.xlsx,5ef5551c0a0be56d5dfad6532fe7372e,70,1,0.67,37.0,14,-3.000000E+00 V,-85.618 (mA),1555.6 (nm),1555.025 (nm),,C:/Users/jcchighpower/Desktop/Jeongyong/Bias_tee+cable_cal/S21_cal_bias_tee_cal.s2p,03/27/2026,18:41:43,0.0,0.0100000000000015,0.0,-85.6204857142857,-85.631,-85.608,3.685,3.724,F_BEAT (GHz)|I_PD (mA)|Raw RF POW (dBm)|Total RF Loss (dB)|RF Probe Loss (dB)|RF Link Loss (dB)|Cal RF POW (dBm)|VOA P Actual (dBm),0.25,1.17,0.32,4.92,0.47,10.0,0.83,14.67,1.08,20.0,1.2,25.17,1.11,29.92,S21_cal_bias_tee_cal.s2p,A,0.012876100884800545,0.3426410637251825
data_PD0008_1/Bandwidth/30um/Figure_03_27_2026/36 ohm/new cal/Bias_-5V_Iph_0_5mA.xlsx,d72308e71d0b9a3e08c877ef83ba03ec,70,1,0.5,37.17,14,-5.000000E+00 V,-135.624 (mA),1555.6 (nm),1555.030 (nm),,C:/Users/jcchighpower/Desktop/Jeongyong/Bias_tee+cable_cal/S21_cal_bias_tee_cal.s2p,03/27/2026,19:04:41,0.0,0.0100000000000015,0.0,-135.62547142857142,-135.646,-135.599,0.578,0.618,F_BEAT (GHz)|I_PD (mA)|Raw RF POW (dBm)|Total RF Loss (dB)|RF Probe Loss (dB)|RF Link Loss (dB)|Cal RF POW (dBm)|VOA P Actual (dBm),0.22,1.0,0.32,5.08,0.46,9.83,0.88,15.17,1.07,19.83,1.2,24.83,1.11,29.92,S21_cal_bias_tee_cal.s2p,A,0.013165856898260471,0.35351649614053093
data_PD0008_1/Bandwidth/30um/Figure_03_27_2026/36 ohm/new cal/Bias_-5V_Iph_1mA.xlsx,528bb79eb16d1e2baf82d9572c1fad95,70,0,0.5,36.83,14,-5.000000E+00 V,-136.184 (mA),1555.6 (nm),1555.021 (nm),,C:/Users/jcchighpower/Desktop/Jeongyong/Bias_tee+cable_cal/S21_cal_bias_tee_cal.s2p,03/27/2026,18:19:08,0.0,3.552713678800501e-15,0.0,-136.1618142857143,-136.185,-136.145,3.694,3.733,F_BEAT (GHz)|I_PD (mA)|Raw RF POW (dBm)|Total RF Loss (dB)|RF Probe Loss (dB)|RF Link Loss (dB)|Cal RF POW (dBm)|VOA P Actual (dBm),0.22,1.0,0.32,4.75,0.47,10.0,0.88,15.17,1.07,19.83,1.2,25.0,1.14,30.08,S21_cal_bias_tee_cal.s2p,A,0.013377533977608005,0.3326473894595984
data_PD0008_1/Bandwidth/30um/Figure_03_27_2026/36 ohm/new cal/Bias_-5V_Iph_3mA.xlsx,0e629b859484154ea02eb29d0796f960,70,1,0.5,36.67,14,-5.000000E+00 V,-138.089 (mA),1555.6 (nm),1555.020 (nm),,C:/Users/jcchighpower/Desktop/Jeongyong/Bias_tee+cable_cal/S21_cal_bias_tee_cal.s2p,03/27/2026,19:26:52,0.0,0.0099999999999997,0.0,-138.1080285714286,-138.146,-138.073,8.059,8.1,F_BEAT (GHz)|I_PD (mA)|Raw RF POW (dBm)|Total RF Loss (dB)|RF Probe Loss (dB)|RF Link Loss (dB)|Cal RF POW (dBm)|VOA P Actual (dBm),0.22,1.0,0.32,4.75,0.48,10.17,0.88,15.17,1.08,20.0,1.2,25.17,1.07,29.75,S21_cal_bias_tee_cal.s2p,A,0.011839347397162754,0.34033657679897755
data_PD0008_1/Bandwidth/30um/Figure_03_27_2026/36 ohm/new cal/Bias_-5V_Iph_5mA.xlsx,1fd50c99ec8ed6c34e0828edb87ca35d,70,1,0.33,36.83,14,-5.000000E+00 V,-139.963 (mA),1555.6 (nm),1555.025 (nm),,C:/Users/jcchighpower/Desktop/Jeongyong/Bias_tee+cable_cal/S21_cal_bias_tee_cal.s2p,03/27/2026,19:43:32,0.0,0.0099999999999997,0.0,-140.00220000000002,-140.072,-139.934,10.207,10.247,F_BEAT (GHz)|I_PD (mA)|Raw RF POW (dBm)|Total RF Loss (dB)|RF Probe Loss (dB)|RF Link Loss (dB)|Cal RF POW (dBm)|VOA P Actual (dBm),0.22,1.0,0.32,5.08,0.46,9.83,0.87,15.0,1.08,20.17,1.2,24.83,1.13,30.25,S21_cal_bias_tee_cal.s2p,A,0.014460620343889091,0.34360619521671076
data_PD0008_1/Bandwidth/30um/Figure_03_27_2026/36 ohm/new cal/Bias_-7V_Iph_1mA_33ohm.xlsx,e6e56229f34acb0b0714e50d64510f80,70,0,0.5,36.67,14,-7.000000E+00 V,-176.747 (mA),1555.6 (nm),1555.020 (nm),,C:/Users/jcchighpower/Desktop/Jeongyong/Bias_tee+cable_cal/S21_cal_bias_tee_cal.s2p,03/27/2026,17:55:28,0.0,0.0100000000000015,0.0,-176.7103,-176.757,-176.66,3.697,3.735,F_BEAT (GHz)|I_PD (mA)|Raw RF POW (dBm)|Total RF Loss (dB)|RF Probe Loss (dB)|RF Link Loss (dB)|Cal RF POW (dBm)|VOA P Actual (dBm)|Unnamed: 8,0.22,1.0,0.32,4.75,0.48,10.17,0.88,15.17,1.08,20.0,1.2,25.0,1.07,29.75,S21_cal_bias_tee_cal.s2p,A,0.011305333841382884,0.3454893010541094
data_PD0008_1/Bandwidth/30um/Figure_03_27_2026/36 ohm/test.xlsx,5d2a3ffbb45f9448cad8952771711cee,7,1,0.33,3.25,14,-7.000000E+00 V,-166.85 (mA),1555.6 (nm),1555.022 (nm),,C:/Users/jcchighpower/Desktop/Jeongyong/Bias_tee+cable_cal/S21_cal_bias_tee_cal.s2p,03/27/2026,14:53:25,0.0,3.552713678800501e-15,0.0,-166.8485714285714,-166.867,-166.835,2.516,2.524,F_BEAT (GHz)|I_PD (mA)|Raw RF POW (dBm)|Total RF Loss (dB)|RF Probe Loss (dB)|RF Link Loss (dB)|Cal RF POW (dBm)|VOA P Actual (dBm),0.21,0.83,,,,,,,,,,,,,S21_cal_bias_tee_cal.s2p,B,0.04472135954999617,2.563950248511419e-15
data_PD0008_1/Bandwidth/30um/Figure_03_27_2026/55 ohm/Bias_-3V_Iph_1mA.xlsx,e7dbc8243128fba3942f83a97cf05ad9,60,0,0.5,31.08,14,-3.000000E+00 V,-54.173 (mA),1555.6 (nm),1555.022 (nm),,C:/Users/jcchighpower/Desktop/Jeongyong/Bias_tee+cable_cal/S21_cal_bias_tee_cal.s2p,03/27/2026,16:08:35,0.0,3.552713678800501e-15,0.0,-54.1626,-54.173,-54.144,3.376,3.418,F_BEAT (GHz)|I_PD (mA)|Raw RF POW (dBm)|Total RF Loss (dB)|RF Probe Loss (dB)|RF Link Loss (dB)|Cal RF POW (dBm)|VOA P Actual (dBm),0.23,1.0,0.4,5.08,0.29,10.17,0.67,14.83,1.49,20.0,1.23,25.0,1.24,29.92,S21_cal_bias_tee_cal.s2p,B,0.3261046588843324,1.3384213234028293e-15
data_PD0008_1/Bandwidth/30um/Figure_03_27_2026/55 ohm/Bias_-5V_Iph_0.5mA.xlsx,e7e5188544d93646594a671aa3a43f9b,60,0,0.5,31.08,14,-5.000000E+00 V,-86.719 (mA),1555.6 (nm),1555.022 (nm),,C:/Users/jcchighpower/Desktop/Jeongyong/Bias_tee+cable_cal/S21_cal_bias_tee_cal.s2p,03/27/2026,16:27:36,0.0,7.105427357601002e-15,0.0,-86.721,-86.726,-86.716,0.393,0.432,F_BEAT (GHz)|I_PD (mA)|Raw RF POW (dBm)|Total RF Loss (dB)|RF Probe Loss (dB)|RF Link Loss (dB)|Cal RF POW (dBm)|VOA P Actual (dBm),0.23,1.0,0.4,5.08,0.35,10.0,0.67,14.83,1.6,20.17,1.22,25.17,1.24,29.92,S21_cal_bias_tee_cal.s2p,B,0.32749439976799555,1.7710290309204779e-15
data_PD0008_1/Bandwidth/30um/Figure_03_27_2026/55 ohm/Bias_-5V_Iph_1mA.xlsx,0d0979da0ab49e2e5773b09e902dbfd2,60,0,0.67,31.33,14,-5.000000E+00 V,-87.258 (mA),1555.6 (nm),1555.023 (nm),,C:/Users/jcchighpower/Desktop/Jeongyong/Bias_tee+cable_cal/S21_cal_bias_tee_cal.s2p,03/27/2026,15:41:58,0.0,3.552713678800501e-15,0.0,-87.24774999999997,-87.258,-87.241,3.371,3.409,F_BEAT (GHz)|I_PD (mA)|Raw RF POW (dBm)|Total RF Loss (dB)|RF Probe Loss (dB)|RF Link Loss (dB)|Cal RF POW (dBm)|VOA P Actual (dBm),0.18,0.67,0.41,5.25,0.33,9.83,0.69,15.0,1.36,19.83,1.23,24.83,1.25,30.25,S21_cal_bias_tee_cal.s2p,B,0.3264225278173467,1.6289157510182218e-15
data_PD0008_1/Bandwidth/30um/Figure_03_27_2026/55 ohm/Bias_-5V_Iph_3mA.xlsx,314f61cc9897360daaecc7a5de9963b6,60,0,0.33,30.58,14,-5.000000E+00 V,-89.194 (mA),1555.6 (nm),1555.021 (nm),,C:/Users/jcchighpower/Desktop/Jeongyong/Bias_tee+cable_cal/S21_cal_bias_tee_cal.s2p,03/27/2026,16:45:22,0.0,1.7763568394002505e-15,0.0,-89.22341666666667,-89.274,-89.184,8.147,8.18,F_BEAT (GHz)|I_PD (mA)|Raw RF POW (dBm)|Total RF Loss (dB)|RF Probe Loss (dB)|RF Link Loss (dB)|Cal RF POW (dBm)|VOA P Actual (dBm),0.21,0.83,0.38,4.75,0.33,9.83,0.67,14.83,1.6,20.17,1.23,24.83,1.26,30.08,S21_cal_bias_tee_cal.s2p,B,0.32213868648973737,1.2043062913782417e-15
data_PD0008_1/Bandwidth/30um/Figure_03_27_2026/55 ohm/Bias_-5V_Iph_5mA_60ohm.xlsx,78663eff57dc36664ddd8dc07cd53dce,60,1,0.33,30.75,14,-5.000000E+00 V,-91.068 (mA),1555.6 (nm),1555.022 (nm),,C:/Users/jcchighpower/Desktop/Jeongyong/Bias_tee+cable_cal/S21_cal_bias_tee_cal.s2p,03/27/2026,17:00:51,0.0,1.7763568394002505e-15,0.0,-91.09246666666668,-91.155,-91.044,10.262,10.3,F_BEAT (GHz)|I_PD (mA)|Raw RF POW (dBm)|Total RF Loss (dB)|RF Probe Loss (dB)|RF Link Loss (dB)|Cal RF POW (dBm)|VOA P Actual (dBm),0.21,0.83,0.39,4.92,0.33,9.83,0.69,15.0,1.6,20.17,1.23,24.83,1.25,30.25,S21_cal_bias_tee_cal.s2p,B,0.2985416531140465,1.0253084585312011e-15
data_PD0008_1/Bandwidth/30um/Figure_03_27_2026/55 ohm/Bias_-7V_Iph_1mA.xlsx,2d00d55bbdfe825858bc8e1b10cc56d9,60,1,0.83,31.33,14,-7.000000E+00 V,-115.51 (mA),1555.6 (nm),1555.021 (nm),,C:/Users/jcchighpower/Desktop/Jeongyong/Bias_tee+cable_cal/S21_cal_bias_tee_cal.s2p,03/27/2026,15:15:44,0.0,1.0500000000000007,1.0499999999999998,-115.46723333333333,-115.51,-115.439,3.373,3.415,F_BEAT (GHz)|I_PD (mA)|Raw RF POW (dBm)|Total RF Loss (dB)|RF Probe Loss (dB)|RF Link Loss (dB)|Cal RF POW (dBm)|VOA P Actual (dBm)|Unnamed: 8|Unnamed: 9|Unnamed: 10|Unnamed: 11,0.21,0.83,0.4,5.08,0.33,9.83,0.67,14.83,1.6,20.17,1.23,24.83,1.24,29.92,S21_cal_bias_tee_cal.s2p,B,0.32937935763081483,1.409382291859954e-15
data_PD0008_1/Bandwidth/30um/Figure_03_27_2026/55 ohm/new cal/Bias_-3V_Iph_1mA.xlsx,97278bd3fe673e43a7ca3f8fa2bfaa3d,60,0,0.5,31.08,14,-3.000000E+00 V,-54.173 (mA),1555.6 (nm),1555.022 (nm),,C:/Users/jcchighpower/Desktop/Jeongyong/Bias_tee+cable_cal/S21_cal_bias_tee_cal.s2p,03/27/2026,16:08:35,0.0,0.0100000000000015,0.0,-54.1626,-54.173,-54.144,3.376,3.418,F_BEAT (GHz)|I_PD (mA)|Raw RF POW (dBm)|Total RF Loss (dB)|RF Probe Loss (dB)|RF Link Loss (dB)|Cal RF POW (dBm)|VOA P Actual (dBm),0.22,1.0,0.32,5.08,0.48,10.17,0.85,14.83,1.08,20.0,1.2,25.0,1.11,29.92,S21_cal_bias_tee_cal.s2p,A,0.007651240119069521,0.32592176975464526
data_PD0008_1/Bandwidth/30um/Figure_03_27_2026/55 ohm/new cal/Bias_-5V_Iph_0_5mA.xlsx,d24ef3ed353ad030510932e6749adeb6,60,0,0.5,31.08,14,-5.000000E+00 V,-86.719 (mA),1555.6 (nm),1555.022 (nm),,C:/Users/jcchighpower/Desktop/Jeongyong/Bias_tee+cable_cal/S21_cal_bias_tee_cal.s2p,03/27/2026,16:27:36,0.0,7.105427357601002e-15,0.0,-86.721,-86.726,-86.716,0.393,0.432,F_BEAT (GHz)|I_PD (mA)|Raw RF POW (dBm)|Total RF Loss (dB)|RF Probe Loss (dB)|RF Link Loss (dB)|Cal RF POW (dBm)|VOA P Actual (dBm),0.22,1.0,0.32,5.08,0.47,10.0,0.85,14.83,1.08,20.17,1.2,25.17,1.11,29.92,S21_cal_bias_tee_cal.s2p,A,0.007430218168151338,0.32767361810191575
data_PD0008_1/Bandwidth/30um/Figure_03_27_2026/55 ohm/new cal/Bias_-5V_Iph_1mA.xlsx,6d6220aaf8cb4f2df45769971e519549,60,0,0.67,31.33,14,-5.000000E+00 V,-87.258 (mA),1555.6 (nm),1555.023 (nm),,C:/Users/jcchighpower/Desktop/Jeongyong/Bias_tee+cable_cal/S21_cal_bias_tee_cal.s2p,03/27/2026,15:41:58,0.0,3.552713678800501e-15,0.0,-87.24774999999997,-87.258,-87.241,3.371,3.409,F_BEAT (GHz)|I_PD (mA)|Raw RF POW (dBm)|Total RF Loss (dB)|RF Probe Loss (dB)|RF Link Loss (dB)|Cal RF POW (dBm)|VOA P Actual (dBm),0.15,0.67,0.33,5.25,0.46,9.83,0.87,15.0,1.07,19.83,1.2,24.83,1.13,30.25,S21_cal_bias_tee_cal.s2p,A,0.008062257748298314,0.3271798689813702
data_PD0008_1/Bandwidth/30um/Figure_03_27_2026/55 ohm/new cal/Bias_-5V_Iph_3mA.xlsx,16af373e469e914a297f57d4915e3b93,60,0,0.33,30.58,14,-5.000000E+00 V,-89.194 (mA),1555.6 (nm),1555.021 (nm),,C:/Users/jcchighpower/Desktop/Jeongyong/Bias_tee+cable_cal/S21_cal_bias_tee_cal.s2p,03/27/2026,16:45:22,0.0,0.0099999999999997,0.0,-89.22341666666667,-89.274,-89.184,8.147,8.18,F_BEAT (GHz)|I_PD (mA)|Raw RF POW (dBm)|Total RF Loss (dB)|RF Probe Loss (dB)|RF Link Loss (dB)|Cal RF POW (dBm)|VOA P Actual (dBm),0.18,0.83,0.32,4.75,0.46,9.83,0.85,14.83,1.08,20.17,1.2,24.83,1.14,30.08,S21_cal_bias_tee_cal.s2p,A,0.0074161984870957445,0.32165457662944374
data_PD0008_1/Bandwidth/30um/Figure_03_27_2026/55 ohm/new cal/Bias_-5V_Iph_5mA.xlsx,13359b3e26bad717b2de313204161689,60,1,0.33,30.75,14,-5.000000E+00 V,-91.068 (mA),1555.6 (nm),1555.022 (nm),,C:/Users/jcchighpower/Desktop/Jeongyong/Bias_tee+cable_cal/S21_cal_bias_tee_cal.s2p,03/27/2026,17:00:51,0.0,1.7763568394002505e-15,0.0,-91.09246666666668,-91.155,-91.044,10.262,10.3,F_BEAT (GHz)|I_PD (mA)|Raw RF POW (dBm)|Total RF Loss (dB)|RF Probe Loss (dB)|RF Link Loss (dB)|Cal RF POW (dBm)|VOA P Actual (dBm),0.18,0.83,0.32,4.92,0.46,9.83,0.87,15.0,1.08,20.17,1.2,24.83,1.13,30.25,S21_cal_bias_tee_cal.s2p,A,0.009019752336034095,0.29819513574679724
data_PD0008_1/Bandwidth/30um/Figure_03_27_2026/55 ohm/new cal/Bias_-7V_Iph_1mA_55ohm.xlsx,728c5d8d028cc32210d5a0857e7d5a4c,59,0,0.83,31.33,14,-7.000000E+00 V,-115.51 (mA),1555.6 (nm),1555.021 (nm),,C:/Users/jcchighpower/Desktop/Jeongyong/Bias_tee+cable_cal/S21_cal_bias_tee_cal.s2p,03/27/2026,15:15:44,0.0,0.009999999999998,0.0,-115.46650847457626,-115.501,-115.439,3.373,3.408,F_BEAT (GHz)|I_PD (mA)|Raw RF POW (dBm)|Total RF Loss (dB)|RF Probe Loss (dB)|RF Link Loss (dB)|Cal RF POW (dBm)|VOA P Actual (dBm)|Unnamed: 8,0.18,0.83,0.32,5.08,0.46,9.83,0.85,14.83,1.08,20.17,1.2,24.83,1.11,29.92,S21_cal_bias_tee_cal.s2p,A,0.007715808690965639,0.3291746226600552
data_PD0008_1/Bandwidth/30um/Figure_03_27_2026/WO/Bias_-3V_Iph_1mA.xlsx,6ef93b56c907aad2b14a20e051a60809,40,0,0.33,19.33,14,-3.000000E+00 V,-1.036 (mA),1555.6 (nm),1555.009 (nm),,C:/Users/jcchighpower/Desktop/Jeongyong/Bias_tee+cable_cal/S21_cal_bias_tee_cal.s2p,03/27/2026,12:28:17,0.0,3.552713678800501e-15,0.0,-1.034125,-1.042,-1.025,3.229,3.315,F_BEAT (GHz)|I_PD (mA)|Raw RF POW (dBm)|Total RF Loss (dB)|RF Probe Loss (dB)|RF Link Loss (dB)|Cal RF POW (dBm)|VOA P Actual (dBm),0.21,0.83,0.4,5.08,0.35,10.0,0.67,14.83,,,,,,,S21_cal_bias_tee_cal.s2p,B,0.3087555667514347,1.7199501139797033e-15
data_PD0008_1/Bandwidth/30um/Figure_03_27_2026/WO/Bias_-5V_Iph_0.5mA_30GHz.xlsx,ba2fdbd31a4eadfdaa4f0bd3cc75bafb,60,0,0.5,30.58,14,-5.000000E+00 V,-0.509 (mA),1555.6 (nm),1555.012 (nm),,C:/Users/jcchighpower/Desktop/Jeongyong/Bias_tee+cable_cal/S21_cal_bias_tee_cal.s2p,03/27/2026,13:42:36,0.0,3.552713678800501e-15,0.0,-0.5130333333333332,-0.518,-0.508,0.296,0.336,F_BEAT (GHz)|I_PD (mA)|Raw RF POW (dBm)|Total RF Loss (dB)|RF Probe Loss (dB)|RF Link Loss (dB)|Cal RF POW (dBm)|VOA P Actual (dBm),0.23,1.0,0.4,5.08,0.33,9.83,0.63,14.67,1.3,19.67,1.23,25.0,1.24,29.92,S21_cal_bias_tee_cal.s2p,B,0.327728416852633,1.8562096728480568e-15
data_PD0008_1/Bandwidth/30um/Figure_03_27_2026/WO/Bias_-5V_Iph_1mA.xlsx,18d0ca4a245538e172ec21c0841898b5,40,0,0.5,19.5,14,-5.000000E+00 V,-1.011 (mA),1555.6 (nm),1555.011 (nm),,C:/Users/jcchighpower/Desktop/Jeongyong/Bias_tee+cable_cal/S21_cal_bias_tee_cal.s2p,03/27/2026,12:42:00,0.0,3.552713678800501e-15,0.0,-1.024825,-1.035,-1.011,3.305,3.335,F_BEAT (GHz)|I_PD (mA)|Raw RF POW (dBm)|Total RF Loss (dB)|RF Probe Loss (dB)|RF Link Loss (dB)|Cal RF POW (dBm)|VOA P Actual (dBm),0.23,1.0,0.39,4.92,0.29,10.17,0.67,14.83,,,,,,,S21_cal_bias_tee_cal.s2p,B,0.3005162225238428,1.6500917302310495e-15
data_PD0008_1/Bandwidth/30um/Figure_03_27_2026/WO/Bias_-5V_Iph_1mA_30GHz.xlsx,bd464505d9f086bf579800e02c1db6f6,60,1,0.5,29.92,14,-5.000000E+00 V,-1.01 (mA),1555.6 (nm),1555.012 (nm),,C:/Users/jcchighpower/Desktop/Jeongyong/Bias_tee+cable_cal/S21_cal_bias_tee_cal.s2p,03/27/2026,13:01:34,0.0,3.552713678800501e-15,0.0,-1.0162666666666664,-1.029,-1.01,3.254,3.322,F_BEAT (GHz)|I_PD (mA)|Raw RF POW (dBm)|Total RF Loss (dB)|RF Probe Loss (dB)|RF Link Loss (dB)|Cal RF POW (dBm)|VOA P Actual (dBm),0.23,1.0,0.4,5.08,0.35,10.0,0.67,14.83,1.36,19.83,1.23,24.83,,,S21_cal_bias_tee_cal.s2p,B,0.33019139064128683,1.2889094554312888e-15
data_PD0008_1/Bandwidth/30um/Figure_03_27_2026/WO/Bias_-5V_Iph_3mA_30GHz.xlsx,e356e666beb5b1b936412c84a5399940,60,0,0.5,31.08,14,-5.000000E+00 V,-3.048 (mA),1555.6 (nm),1555.022 (nm),,C:/Users/jcchighpower/Desktop/Jeongyong/Bias_tee+cable_cal/S21_cal_bias_tee_cal.s2p,03/27/2026,13:59:43,0.0,1.7763568394002505e-15,0.0,-3.087533333333334,-3.139,-3.046,8.215,8.246,F_BEAT (GHz)|I_PD (mA)|Raw RF POW (dBm)|Total RF Loss (dB)|RF Probe Loss (dB)|RF Link Loss (dB)|Cal RF POW (dBm)|VOA P Actual (dBm),0.23,1.0,0.41,5.25,0.29,10.17,0.69,15.0,1.6,20.17,1.22,25.17,1.24,29.92,S21_cal_bias_tee_cal.s2p,B,0.32982709896661516,1.0971939712610749e-15
data_PD0008_1/Bandwidth/30um/Figure_03_27_2026/WO/Bias_-5V_Iph_5mA_30GHz_WO.xlsx,8cc6bca0e850bde2448c409ee24b2ee3,60,0,0.5,30.92,14,-5.000000E+00 V,-5.066 (mA),1555.6 (nm),1555.022 (nm),,C:/Users/jcchighpower/Desktop/Jeongyong/Bias_tee+cable_cal/S21_cal_bias_tee_cal.s2p,03/27/2026,14:18:32,0.0,1.7763568394002505e-15,0.0,-5.101366666666666,-5.174,-5.046,10.457,10.492,F_BEAT (GHz)|I_PD (mA)|Raw RF POW (dBm)|Total RF Loss (dB)|RF Probe Loss (dB)|RF Link Loss (dB)|Cal RF POW (dBm)|VOA P Actual (dBm),0.23,1.0,0.38,4.75,0.33,9.83,0.67,14.83,1.6,20.17,1.22,25.17,1.18,29.75,S21_cal_bias_tee_cal.s2p,B,0.3297681170448163,9.905280161957225e-16
data_PD0008_1/Bandwidth/30um/Figure_03_27_2026/WO/Bias_-7V_Iph_1mA_30GHz.xlsx,ad4e5a6dfb5bb609fc08f2704091e7b7,60,0,0.33,30.08,14,-7.000000E+00 V,-1.003 (mA),1555.6 (nm),1555.012 (nm),,C:/Users/jcchighpower/Desktop/Jeongyong/Bias_tee+cable_cal/S21_cal_bias_tee_cal.s2p,03/27/2026,13:22:08,0.0,3.552713678800501e-15,0.0,-1.0106666666666666,-1.021,-1.001,3.272,3.326,F_BEAT (GHz)|I_PD (mA)|Raw RF POW (dBm)|Total RF Loss (dB)|RF Probe Loss (dB)|RF Link Loss (dB)|Cal RF POW (dBm)|VOA P Actual (dBm),0.21,0.83,0.39,4.92,0.33,9.83,0.63,14.67,1.6,20.17,1.22,25.17,1.26,30.08,S21_cal_bias_tee_cal.s2p,B,0.329317476001502,1.4255309751295167e-15
data_PD0008_1/Bandwidth/30um/Figure_03_27_2026/WO/new cal/Bias_-3V_Iph_1mA.xlsx,5ef5551c0a0be56d5dfad6532fe7372e,70,1,0.67,37.0,14,-3.000000E+00 V,-85.618 (mA),1555.6 (nm),1555.025 (nm),,C:/Users/jcchighpower/Desktop/Jeongyong/Bias_tee+cable_cal/S21_cal_bias_tee_cal.s2p,03/27/2026,18:41:43,0.0,0.0100000000000015,0.0,-85.6204857142857,-85.631,-85.608,3.685,3.724,F_BEAT (GHz)|I_PD (mA)|Raw RF POW (dBm)|Total RF Loss (dB)|RF Probe Loss (dB)|RF Link Loss (dB)|Cal RF POW (dBm)|VOA P Actual (dBm),0.25,1.17,0.32,4.92,0.47,10.0,0.83,14.67,1.08,20.0,1.2,25.17,1.11,29.92,S21_cal_bias_tee_cal.s2p,A,0.012876100884800545,0.3426410637251825
data_PD0008_1/Bandwidth/30um/Figure_03_27_2026/WO/new cal/Bias_-5V_Iph_0_5mA_30GHz.xlsx,5f1edf618c4f3d099bd7f536a53b8411,60,0,0.5,30.58,14,-5.000000E+00 V,-0.509 (mA),1555.6 (nm),1555.012 (nm),,C:/Users/jcchighpower/Desktop/Jeongyong/Bias_tee+cable_cal/S21_cal_bias_tee_cal.s2p,03/27/2026,13:42:36,0.0,3.552713678800501e-15,0.0,-0.5130333333333332,-0.518,-0.508,0.296,0.336,F_BEAT (GHz)|I_PD (mA)|Raw RF POW (dBm)|Total RF Loss (dB)|RF Probe Loss (dB)|RF Link Loss (dB)|Cal RF POW (dBm)|VOA P Actual (dBm),0.22,1.0,0.32,5.08,0.46,9.83,0.83,14.67,1.06,19.67,1.2,25.0,1.11,29.92,S21_cal_bias_tee_cal.s2p,A,0.007759390570549006,0.32813869019059627
data_PD0008_1/Bandwidth/30um/Figure_03_27_2026/WO/new cal/Bias_-5V_Iph_1mA.xlsx,528bb79eb16d1e2baf82d9572c1fad95,70,0,0.5,36.83,14,-5.000000E+00 V,-136.184 (mA),1555.6 (nm),1555.021 (nm),,C:/Users/jcchighpower/Desktop/Jeongyong/Bias_tee+cable_cal/S21_cal_bias_tee_cal.s2p,03/27/2026,18:19:08,0.0,3.552713678800501e-15,0.0,-136.1618142857143,-136.185,-136.145,3.694,3.733,F_BEAT (GHz)|I_PD (mA)|Raw RF POW (dBm)|Total RF Loss (dB)|RF Probe Loss (dB)|RF Link Loss (dB)|Cal RF POW (dBm)|VOA P Actual (dBm),0.22,1.0,0.32,4.75,0.47,10.0,0.88,15.17,1.07,19.83,1.2,25.0,1.14,30.08,S21_cal_bias_tee_cal.s2p,A,0.013377533977608005,0.3326473894595984
data_PD0008_1/Bandwidth/30um/Figure_03_27_2026/WO/new cal/Bias_-5V_Iph_1mA_30GHz.xlsx,ccb48a28eb3bfbb7ae16fbeb5b263156,60,1,0.5,29.92,14,-5.000000E+00 V,-1.01 (mA),1555.6 (nm),1555.012 (nm),,C:/Users/jcchighpower/Desktop/Jeongyong/Bias_tee+cable_cal/S21_cal_bias_tee_cal.s2p,03/27/2026,13:01:34,0.0,3.552713678800501e-15,0.0,-1.0162666666666664,-1.029,-1.01,3.254,3.322,F_BEAT (GHz)|I_PD (mA)|Raw RF POW (dBm)|Total RF Loss (dB)|RF Probe Loss (dB)|RF Link Loss (dB)|Cal RF POW (dBm)|VOA P Actual (dBm),0.22,1.0,0.32,5.08,0.47,10.0,0.85,14.83,1.07,19.83,1.2,24.83,,,S21_cal_bias_tee_cal.s2p,A,0.008143301834792322,0.3295039929286623
data_PD0008_1/Bandwidth/30um/Figure_03_27_2026/WO/new cal/Bias_-5V_Iph_3mA_30GHz.xlsx,050419c4b5234a9152ada9ade1d9a1e6,60,0,0.5,31.08,14,-5.000000E+00 V,-3.048 (mA),1555.6 (nm),1555.022 (nm),,C:/Users/jcchighpower/Desktop/Jeongyong/Bias_tee+cable_cal/S21_cal_bias_tee_cal.s2p,03/27/2026,13:59:43,0.0,1.7763568394002505e-15,0.0,-3.087533333333334,-3.139,-3.046,8.215,8.246,F_BEAT (GHz)|I_PD (mA)|Raw RF POW (dBm)|Total RF Loss (dB)|RF Probe Loss (dB)|RF Link Loss (dB)|Cal RF POW (dBm)|VOA P Actual (dBm),0.22,1.0,0.33,5.25,0.48,10.17,0.87,15.0,1.08,20.17,1.2,25.17,1.11,29.92,S21_cal_bias_tee_cal.s2p,A,0.008379029897686546,0.3297903374367825
data_PD0008_1/Bandwidth/30um/Figure_03_27_2026/WO/new cal/Bias_-5V_Iph_5mA_30GHz.xlsx,8ddc69fa51c239c34784e4a6cbb0ca46,60,0,0.5,30.92,14,-5.000000E+00 V,-5.066 (mA),1555.6 (nm),1555.022 (nm),,C:/Users/jcchighpower/Desktop/Jeongyong/Bias_tee+cable_cal/S21_cal_bias_tee_cal.s2p,03/27/2026,14:18:32,0.0,1.7763568394002505e-15,0.0,-5.101366666666666,-5.174,-5.046,10.457,10.492,F_BEAT (GHz)|I_PD (mA)|Raw RF POW (dBm)|Total RF Loss (dB)|RF Probe Loss (dB)|RF Link Loss (dB)|Cal RF POW (dBm)|VOA P Actual (dBm),0.22,1.0,0.32,4.75,0.46,9.83,0.85,14.83,1.08,20.17,1.2,25.17,1.07,29.75,S21_cal_bias_tee_cal.s2p,A,0.009416883027330033,0.32986108187134355
data_PD0008_1/Bandwidth/30um/Figure_03_27_2026/WO/new cal/Bias_-7V_Iph_1mA_30GHz_WO.xlsx,824604719dd627e01308ec2c6a4e1b3e,60,0,0.33,30.08,14,-7.000000E+00 V,-1.003 (mA),1555.6 (nm),1555.012 (nm),,C:/Users/jcchighpower/Desktop/Jeongyong/Bias_tee+cable_cal/S21_cal_bias_tee_cal.s2p,03/27/2026,13:22:08,0.0,3.552713678800501e-15,0.0,-1.0106666666666666,-1.021,-1.001,3.272,3.326,F_BEAT (GHz)|I_PD (mA)|Raw RF POW (dBm)|Total RF Loss (dB)|RF Probe Loss (dB)|RF Link Loss (dB)|Cal RF POW (dBm)|VOA P Actual (dBm),0.18,0.83,0.32,4.92,0.46,9.83,0.83,14.67,1.08,20.17,1.2,25.17,1.14,30.08,S21_cal_bias_tee_cal.s2p,A,0.007416198487095625,0.32914282614087165
data_PD0008_1/Bandwidth/30um/Figure_03_27_2026/cal.xlsx,0b39032a9d7886ffcd959d4716e45614,1,1,0.5,0.5,14,0.000000E+00 V,0.002 (mA),1555.6 (nm),1555.010 (nm),,C:/Users/jcchighpower/Desktop/Jeongyong/Bias_tee+cable_cal/Cal.s2p,03/29/2026,14:21:59,0.0,0.0,0.0,0.002,0.002,0.002,-52.262,-52.262,F_BEAT (GHz)|I_PD (mA)|Raw RF POW (dBm)|Total RF Loss (dB)|RF Probe Loss (dB)|RF Link Loss (dB)|Cal RF POW (dBm)|VOA P Actual (dBm),,,,,,,,,,,,,,,Cal.s2p,n/a,,
data_PD0008_1/Bandwidth/30um/WO/Bias_-7V_Iph_1mA.xlsx,d5046f0e40d0b4d6e1bc99e24264ea27,40,0,0.5,20.83,14,-7.000000E+00 V,-1.019 (mA),1555.2 (nm),1554.577 (nm),,C:/Users/jcchighpower/Desktop/Jeongyong/Bias_tee+cable_cal/Cal.s2p,01/21/2026,16:54:12,0.0,3.552713678800501e-15,0.0,-1.0154999999999998,-1.019,-1.013,5.809,5.822,F_BEAT (GHz)|I_PD (mA)|Raw RF POW (dBm)|Total RF Loss (dB)|RF Probe Loss (dB)|RF Link Loss (dB)|Cal RF POW (dBm)|VOA P Actual (dBm),0.18,0.83,0.32,5.08,0.46,9.67,0.87,15.0,1.07,19.83,,,,,Cal.s2p,A,1.0695084443661337e-15,0.34650757567476015
data_PD0008_1/Bandwidth/30um/WO/Bias_-7V_Iph_1mA_sim.xlsx,ddebb67c85c3ea56ed11656f810a99a8,0,0,,,0,,,,,,,,,,,,,,,,,F_BEAT (GHz)|Cal RF POW (dBm),,,,,,,,,,,,,,,,n/a,,
data_PD0008_1/Bandwidth/30um/WO/Bias_-7V_Iph_6mA.xlsx,1635e63d643d2e71e1b97c303fecf938,50,0,1.17,27.75,14,-7.000000E+00 V,-5.979 (mA),1555.2 (nm),1554.593 (nm),,C:/Users/jcchighpower/Desktop/Jeongyong/Bias_tee+cable_cal/Cal.s2p,01/21/2026,17:04:44,0.0,8.881784197001252e-16,0.0,-5.985119999999999,-6.01,-5.966,13.33,13.347,F_BEAT (GHz)|I_PD (mA)|Raw RF POW (dBm)|Total RF Loss (dB)|RF Probe Loss (dB)|RF Link Loss (dB)|Cal RF POW (dBm)|VOA P Actual (dBm),,,0.32,4.75,0.47,9.83,0.88,15.17,1.07,19.83,1.19,24.67,,,Cal.s2p,A,9.41531965597617e-16,0.33951141365202997
data_PD0008_1/Bandwidth/30um/WO/cal.xlsx,0f5c8bfefb6c4e231989b0082bae5f8c,1,0,0.5,0.5,14,-7.000000E+00 V,-0.0 (mA),1555.2 (nm),1554.536 (nm),,C:/Users/jcchighpower/Desktop/Jeongyong/Bias_tee+cable_cal/Cal.s2p,01/21/2026,16:38:34,0.0,0.0,0.0,0.0,-0.0,-0.0,-48.263,-48.263,F_BEAT (GHz)|I_PD (mA)|Raw RF POW (dBm)|Total RF Loss (dB)|RF Probe Loss (dB)|RF Link Loss (dB)|Cal RF POW (dBm)|VOA P Actual (dBm),,,,,,,,,,,,,,,Cal.s2p,n/a,,
data_PD0008_1/Bandwidth/35um/Bias_-7V_Iph_1mA.xlsx,5683c59a5f803b5937c27e6ae69053b4,40,0,0.5,20.67,14,-7.000000E+00 V,-1.001 (mA),1555.7 (nm),1555.058 (nm),,C:/Users/jcchighpower/Desktop/Jeongyong/Bias_tee+cable_cal/Cal.s2p,02/04/2026,22:08:46,0.0,3.552713678800501e-15,0.0,-1.01315,-1.026,-1.0,5.94,6.042,F_BEAT (GHz)|I_PD (mA)|Raw RF POW (dBm)|Total RF Loss (dB)|RF Probe Loss (dB)|RF Link Loss (dB)|Cal RF POW (dBm)|VOA P Actual (dBm),0.2,1.0,0.32,5.08,0.48,10.17,0.85,14.83,1.07,20.0,,,,,Cal.s2p,A,1.599646073764649e-15,0.32887687665751203
data_PD0008_1/Bandwidth/35um/Bias_-7V_Iph_1mA_diff_powermeter.xlsx,209d49385e2905256021be8f31cea1a5,40,0,0.67,16.17,14,-7.000000E+00 V,-1.046 (mA),1555.7 (nm),1555.013 (nm),,C:/Users/jcchighpower/Desktop/Jeongyong/Bias_tee+cable_cal/Cal.s2p,02/03/2026,17:29:52,0.0,3.552713678800501e-15,0.0,-1.04315,-1.046,-1.04,6.599,6.628,F_BEAT (GHz)|I_PD (mA)|Raw RF POW (dBm)|Total RF Loss (dB)|RF Probe Loss (dB)|RF Link Loss (dB)|Cal RF POW (dBm)|VOA P Actual (dBm),0.25,1.17,0.32,4.75,0.47,10.0,0.87,15.0,,,,,,,Cal.s2p,A,1.645229157606805e-15,0.22446046422477156
data_PD0008_1/Bandwidth/35um/test.xlsx,d62ed77719b199462d0eb2397a2e2d05,16,0,0.33,8.33,14,-7.000000E+00 V,-1.045 (mA),1555.7 (nm),1555.016 (nm),,C:/Users/jcchighpower/Desktop/Jeongyong/Bias_tee+cable_cal/Cal.s2p,02/03/2026,01:47:43,0.0,3.552713678800501e-15,0.0,-1.0406875,-1.046,-1.035,5.82,5.856,F_BEAT (GHz)|I_PD (mA)|Raw RF POW (dBm)|Total RF Loss (dB)|RF Probe Loss (dB)|RF Link Loss (dB)|Cal RF POW (dBm)|VOA P Actual (dBm),0.18,0.83,0.32,5.25,,,,,,,,,,,Cal.s2p,A,1.2021721300496787e-15,0.06566962768281845
data_PD0008_1/Bandwidth/40um/100ohm/Bias_-7V_Iph_1mA.xlsx,aa84e1df8d7af95d8412e182f8081640,40,0,0.67,20.67,14,-7.000000E+00 V,-65.454 (mA),1555.7 (nm),1555.057 (nm),,C:/Users/jcchighpower/Desktop/Jeongyong/Bias_tee+cable_cal/Cal.s2p,02/04/2026,18:30:35,0.0,3.552713678800501e-15,0.0,-65.43345,-65.454,-65.413,6.658,6.745,F_BEAT (GHz)|I_PD (mA)|Raw RF POW (dBm)|Total RF Loss (dB)|RF Probe Loss (dB)|RF Link Loss (dB)|Cal RF POW (dBm)|VOA P Actual (dBm),0.2,1.0,0.32,5.08,0.48,10.17,0.85,14.83,1.07,20.17,,,,,Cal.s2p,A,1.3633611069437946e-15,0.3334816336771785
data_PD0008_1/Bandwidth/40um/140hom/Bias_-7V_Iph_1mA_120ohm.xlsx,9a7072018f511505bd3edd166658116c,30,0,0.5,15.5,14,-7.000000E+00 V,-49.109 (mA),1555.7 (nm),1555.055 (nm),,C:/Users/jcchighpower/Desktop/Jeongyong/Bias_tee+cable_cal/Cal.s2p,02/04/2026,17:28:30,0.0,3.552713678800501e-15,0.0,-49.11299999999998,-49.117,-49.106,6.371,6.392,F_BEAT (GHz)|I_PD (mA)|Raw RF POW (dBm)|Total RF Loss (dB)|RF Probe Loss (dB)|RF Link Loss (dB)|Cal RF POW (dBm)|VOA P Actual (dBm),0.2,1.0,0.32,5.08,0.46,9.67,0.87,15.0,,,,,,,Cal.s2p,A,1.9731592077958473e-15,0.2485692391802874
data_PD0008_1/Bandwidth/40um/40ohm/Bias_-7V_Iph_1mA_36ohm.xlsx,f9dbf8343ae20f46f25ae46fb45a7f07,40,0,0.67,20.33,14,-7.000000E+00 V,-161.566 (mA),1555.7 (nm),1555.062 (nm),,C:/Users/jcchighpower/Desktop/Jeongyong/Bias_tee+cable_cal/Cal.s2p,02/04/2026,18:07:33,0.0,3.552713678800501e-15,0.0,-161.432925,-161.566,-161.365,6.339,6.388,F_BEAT (GHz)|I_PD (mA)|Raw RF POW (dBm)|Total RF Loss (dB)|RF Probe Loss (dB)|RF Link Loss (dB)|Cal RF POW (dBm)|VOA P Actual (dBm),0.25,1.17,0.32,5.08,0.48,10.17,0.85,14.83,1.07,19.83,,,,,Cal.s2p,A,1.2442425513123378e-15,0.3073759912550095
data_PD0008_1/Bandwidth/40um/Bias_-7V_Iph_1mA.xlsx,239b46371f76eda9a81234de79847cc4,45,0,0.33,22.5,14,-7.000000E+00 V,-1.06 (mA),1555.7 (nm),1555.048 (nm),,C:/Users/jcchighpower/Desktop/Jeongyong/Bias_tee+cable_cal/Cal.s2p,02/04/2026,16:49:37,0.0,3.552713678800501e-15,0.0,-1.0507555555555554,-1.062,-1.036,6.037,6.14,F_BEAT (GHz)|I_PD (mA)|Raw RF POW (dBm)|Total RF Loss (dB)|RF Probe Loss (dB)|RF Link Loss (dB)|Cal RF POW (dBm)|VOA P Actual (dBm),0.18,0.83,0.32,5.08,0.48,10.17,0.87,15.0,1.07,20.0,,,,,Cal.s2p,A,1.3144673866107306e-15,0.381048261743546
data_PD0008_1/Bandwidth/40um/Bias_-7V_Iph_1mA_diff_pol.xlsx,77954fd0393275c4f3ae6f195f5dc7fb,30,0,0.67,14.83,14,-7.000000E+00 V,-1.057 (mA),1555.7 (nm),1555.055 (nm),,C:/Users/jcchighpower/Desktop/Jeongyong/Bias_tee+cable_cal/Cal.s2p,02/04/2026,17:00:53,0.0,3.552713678800501e-15,0.0,-1.0691333333333335,-1.074,-1.057,6.095,6.164,F_BEAT (GHz)|I_PD (mA)|Raw RF POW (dBm)|Total RF Loss (dB)|RF Probe Loss (dB)|RF Link Loss (dB)|Cal RF POW (dBm)|VOA P Actual (dBm),0.2,1.0,0.32,4.75,0.48,10.17,,,,,,,,,Cal.s2p,A,1.549016436338635e-15,0.24600812994695948
data_PD0008_1/Bandwidth/40um/Bias_-9V_Iph_1mA_diff_pol.xlsx,4e0b7c01ffbecae6ffffbe5a085b83d8,30,0,0.5,15.33,14,-9.000000E+00 V,-1.086 (mA),1555.7 (nm),1555.055 (nm),,C:/Users/jcchighpower/Desktop/Jeongyong/Bias_tee+cable_cal/Cal.s2p,02/04/2026,17:11:05,0.0,3.552713678800501e-15,0.0,-1.0801,-1.086,-1.07,6.111,6.171,F_BEAT (GHz)|I_PD (mA)|Raw RF POW (dBm)|Total RF Loss (dB)|RF Probe Loss (dB)|RF Link Loss (dB)|Cal RF POW (dBm)|VOA P Actual (dBm),0.2,1.0,0.32,4.75,0.47,9.83,0.85,14.83,,,,,,,Cal.s2p,A,1.100559031382731e-15,0.2528899628955909
data_PD0008_1/Bandwidth/40um/V2/40 ohm/Bias_-5V_Iph_1mA.xlsx,38dc982f144fdfc9972a119131b6acf4,30,0,0.5,16.0,14,-5.000000E+00 V,-65.09 (mA),1555.7 (nm),1555.037 (nm),,C:/Users/jcchighpower/Desktop/Jeongyong/Bias_tee+cable_cal/S21_cal_bias_tee_cal.s2p,02/25/2026,21:16:19,0.0,3.552713678800501e-15,0.0,-65.08476666666665,-65.09,-65.079,5.394,5.421,F_BEAT (GHz)|I_PD (mA)|Raw RF POW (dBm)|Total RF Loss (dB)|RF Probe Loss (dB)|RF Link Loss (dB)|Cal RF POW (dBm)|VOA P Actual (dBm),0.23,1.0,0.38,4.75,0.35,10.0,0.67,14.83,,,,,,,S21_cal_bias_tee_cal.s2p,B,0.25330482295711093,1.4684072349331772e-15
data_PD0008_1/Bandwidth/40um/V2/40 ohm/Bias_-7V_Iph_1mA.xlsx,c361eb3e3d0b4767c1d19ee1526c441a,40,0,0.33,20.83,14,-7.000000E+00 V,-86.564 (mA),1555.7 (nm),1555.035 (nm),,C:/Users/jcchighpower/Desktop/Jeongyong/Bias_tee+cable_cal/S21_cal_bias_tee_cal.s2p,02/25/2026,21:32:07,0.0,3.552713678800501e-15,0.0,-86.53970000000001,-86.564,-86.528,5.38,5.421,F_BEAT (GHz)|I_PD (mA)|Raw RF POW (dBm)|Total RF Loss (dB)|RF Probe Loss (dB)|RF Link Loss (dB)|Cal RF POW (dBm)|VOA P Actual (dBm),0.21,0.83,0.41,5.25,0.35,10.0,0.72,15.17,1.36,19.83,,,,,S21_cal_bias_tee_cal.s2p,B,0.34311441240495827,1.4222125947949029e-15
data_PD0008_1/Bandwidth/40um/V2/WO/Bias_-5V_Iph_1mA.xlsx,f8909e60dba4403ed41cef26173322f0,37,0,0.33,14.67,14,-5.000000E+00 V,-1.012 (mA),1555.7 (nm),1554.996 (nm),,C:/Users/jcchighpower/Desktop/Jeongyong/Bias_tee+cable_cal/S21_cal_bias_tee_cal.s2p,02/25/2026,20:52:01,0.0,3.552713678800501e-15,0.0,-1.021891891891892,-1.031,-1.011,5.387,5.513,F_BEAT (GHz)|I_PD (mA)|Raw RF POW (dBm)|Total RF Loss (dB)|RF Probe Loss (dB)|RF Link Loss (dB)|Cal RF POW (dBm)|VOA P Actual (dBm),0.29,1.17,0.38,4.75,0.35,10.0,,,,,,,,,S21_cal_bias_tee_cal.s2p,B,0.22101118963967933,1.749904611395408e-15
data_PD0008_1/Bandwidth/40um/V2/WO/Bias_-7V_Iph_1mA.xlsx,bbe9fb582814babebb339059460a67b6,58,0,0.5,29.42,14,-7.000000E+00 V,-1.019 (mA),1555.7 (nm),1555.043 (nm),,C:/Users/jcchighpower/Desktop/Jeongyong/Bias_tee+cable_cal/Cal.s2p,02/04/2026,13:33:49,0.0,3.552713678800501e-15,0.0,-1.0081724137931032,-1.019,-0.994,6.253,6.354,F_BEAT (GHz)|I_PD (mA)|Raw RF POW (dBm)|Total RF Loss (dB)|RF Probe Loss (dB)|RF Link Loss (dB)|Cal RF POW (dBm)|VOA P Actual (dBm),0.2,1.0,0.32,5.08,0.47,10.0,0.88,15.17,1.06,19.67,1.2,25.0,,,Cal.s2p,A,1.1911169285653465e-15,0.3293227114486061
data_PD0008_1/Bandwidth/40um/V2/WO/cal.xlsx,cd4a8c89b9bdd84a1b877d29af318236,1,0,0.5,0.5,14,-3.000000E+00 V,-0.0 (mA),1555.7 (nm),1555.046 (nm),,C:/Users/jcchighpower/Desktop/Jeongyong/Bias_tee+cable_cal/Cal.s2p,02/04/2026,13:37:14,0.0,7.105427357601002e-15,0.0,0.0,-0.0,-0.0,-48.05,-48.05,F_BEAT (GHz)|I_PD (mA)|Raw RF POW (dBm)|Total RF Loss (dB)|RF Probe Loss (dB)|RF Link Loss (dB)|Cal RF POW (dBm)|VOA P Actual (dBm),,,,,,,,,,,,,,,Cal.s2p,n/a,,
data_PD0008_1/Bandwidth/40um/WO_bias__7V_Iph_1mA_#2.xlsx,62da8a20e664e887bfe344007363658f,32,0,0.5,16.33,14,-7.000000E+00 V,-1.073 (mA),1555.7 (nm),1555.053 (nm),,C:/Users/jcchighpower/Desktop/Jeongyong/Bias_tee+cable_cal/Cal.s2p,02/04/2026,18:48:07,0.0,3.552713678800501e-15,0.0,-1.0738124999999998,-1.077,-1.068,6.369,6.408,F_BEAT (GHz)|I_PD (mA)|Raw RF POW (dBm)|Total RF Loss (dB)|RF Probe Loss (dB)|RF Link Loss (dB)|Cal RF POW (dBm)|VOA P Actual (dBm),0.25,1.17,0.32,4.92,0.47,10.0,0.88,15.17,,,,,,,Cal.s2p,A,1.5433697402820017e-15,0.24729789728180016
data_PD0008_1/Bandwidth/40um/cal.xlsx,f6f3da6adb1d12c5509c8c76346783e5,1,0,0.33,0.33,14,0.000000E+00 V,0.0 (mA),1555.7 (nm),1555.044 (nm),,C:/Users/jcchighpower/Desktop/Jeongyong/Bias_tee+cable_cal/Cal.s2p,02/04/2026,14:49:05,0.0,0.0,0.0,0.0,0.0,0.0,-67.252,-67.252,F_BEAT (GHz)|I_PD (mA)|Raw RF POW (dBm)|Total RF Loss (dB)|RF Probe Loss (dB)|RF Link Loss (dB)|Cal RF POW (dBm)|VOA P Actual (dBm),,,,,,,,,,,,,,,Cal.s2p,n/a,,
data_bw_user/Bias_3V_Iph_1mA_30um_200ohm_1.xlsx,949c2b07cdc8ea5e6f0a1fa917797b0d,60,0,0.5,26.17,14,-3.000000E+00 V,-15.999 (mA),1555.6 (nm),1555.008 (nm),,C:/Users/jcchighpower/Desktop/Jeongyong/Bias_tee+cable_cal/Cal.s2p,03/29/2026,16:58:58,0.0,3.552713678800501e-15,0.0,-15.990783333333336,-15.999,-15.979,3.75,3.783,F_BEAT (GHz)|I_PD (mA)|Raw RF POW (dBm)|Total RF Loss (dB)|RF Probe Loss (dB)|RF Link Loss (dB)|Cal RF POW (dBm)|VOA P Actual (dBm),0.2,1.0,0.32,4.92,0.47,10.0,0.87,15.0,1.07,20.17,1.19,24.67,,,Cal.s2p,A,1.369975025443283e-15,0.36172272990971005
data_bw_user/Bias_3V_Iph_1mA_30um_60ohm_1.xlsx,e7dbc8243128fba3942f83a97cf05ad9,60,0,0.5,31.08,14,-3.000000E+00 V,-54.173 (mA),1555.6 (nm),1555.022 (nm),,C:/Users/jcchighpower/Desktop/Jeongyong/Bias_tee+cable_cal/S21_cal_bias_tee_cal.s2p,03/27/2026,16:08:35,0.0,3.552713678800501e-15,0.0,-54.1626,-54.173,-54.144,3.376,3.418,F_BEAT (GHz)|I_PD (mA)|Raw RF POW (dBm)|Total RF Loss (dB)|RF Probe Loss (dB)|RF Link Loss (dB)|Cal RF POW (dBm)|VOA P Actual (dBm),0.23,1.0,0.4,5.08,0.29,10.17,0.67,14.83,1.49,20.0,1.23,25.0,1.24,29.92,S21_cal_bias_tee_cal.s2p,B,0.3261046588843324,1.3384213234028293e-15
data_bw_user/Bias_3V_Iph_1mA_30um_WO_1.xlsx,6ef93b56c907aad2b14a20e051a60809,40,0,0.33,19.33,14,-3.000000E+00 V,-1.036 (mA),1555.6 (nm),1555.009 (nm),,C:/Users/jcchighpower/Desktop/Jeongyong/Bias_tee+cable_cal/S21_cal_bias_tee_cal.s2p,03/27/2026,12:28:17,0.0,3.552713678800501e-15,0.0,-1.034125,-1.042,-1.025,3.229,3.315,F_BEAT (GHz)|I_PD (mA)|Raw RF POW (dBm)|Total RF Loss (dB)|RF Probe Loss (dB)|RF Link Loss (dB)|Cal RF POW (dBm)|VOA P Actual (dBm),0.21,0.83,0.4,5.08,0.35,10.0,0.67,14.83,,,,,,,S21_cal_bias_tee_cal.s2p,B,0.3087555667514347,1.7199501139797033e-15
data_bw_user/Bias_5V_Iph_1mA_30um_200ohm_1.xlsx,89a77f32c06adacf62183e5fce6ae028,60,0,0.33,26.5,14,-5.000000E+00 V,-25.537 (mA),1555.6 (nm),1555.019 (nm),,C:/Users/jcchighpower/Desktop/Jeongyong/Bias_tee+cable_cal/Cal.s2p,03/29/2026,16:27:18,0.0,3.552713678800501e-15,0.0,-25.511049999999997,-25.537,-25.501,3.756,3.794,F_BEAT (GHz)|I_PD (mA)|Raw RF POW (dBm)|Total RF Loss (dB)|RF Probe Loss (dB)|RF Link Loss (dB)|Cal RF POW (dBm)|VOA P Actual (dBm),0.2,1.0,0.32,5.25,0.47,10.0,0.87,15.0,1.07,20.0,1.2,25.17,,,Cal.s2p,A,1.635963009051306e-15,0.39680809803564565
data_bw_user/Bias_5V_Iph_1mA_30um_38ohm_1.xlsx,1209194cde6a8b731a423b81cd09b6eb,70,0,0.5,36.83,14,-5.000000E+00 V,-136.184 (mA),1555.6 (nm),1555.021 (nm),,C:/Users/jcchighpower/Desktop/Jeongyong/Bias_tee+cable_cal/S21_cal_bias_tee_cal.s2p,03/27/2026,18:19:08,0.0,3.552713678800501e-15,0.0,-136.1618142857143,-136.185,-136.145,3.694,3.733,F_BEAT (GHz)|I_PD (mA)|Raw RF POW (dBm)|Total RF Loss (dB)|RF Probe Loss (dB)|RF Link Loss (dB)|Cal RF POW (dBm)|VOA P Actual (dBm),0.23,1.0,0.38,4.75,0.35,10.0,0.72,15.17,1.36,19.83,1.23,25.0,1.26,30.08,S21_cal_bias_tee_cal.s2p,B,0.332047429160141,1.0619079481808573e-15
data_bw_user/Bias_5V_Iph_1mA_30um_60ohm_1.xlsx,0d0979da0ab49e2e5773b09e902dbfd2,60,0,0.67,31.33,14,-5.000000E+00 V,-87.258 (mA),1555.6 (nm),1555.023 (nm),,C:/Users/jcchighpower/Desktop/Jeongyong/Bias_tee+cable_cal/S21_cal_bias_tee_cal.s2p,03/27/2026,15:41:58,0.0,3.552713678800501e-15,0.0,-87.24774999999997,-87.258,-87.241,3.371,3.409,F_BEAT (GHz)|I_PD (mA)|Raw RF POW (dBm)|Total RF Loss (dB)|RF Probe Loss (dB)|RF Link Loss (dB)|Cal RF POW (dBm)|VOA P Actual (dBm),0.18,0.67,0.41,5.25,0.33,9.83,0.69,15.0,1.36,19.83,1.23,24.83,1.25,30.25,S21_cal_bias_tee_cal.s2p,B,0.3264225278173467,1.6289157510182218e-15
data_bw_user/Bias_5V_Iph_1mA_30um_WO_1.xlsx,18d0ca4a245538e172ec21c0841898b5,40,0,0.5,19.5,14,-5.000000E+00 V,-1.011 (mA),1555.6 (nm),1555.011 (nm),,C:/Users/jcchighpower/Desktop/Jeongyong/Bias_tee+cable_cal/S21_cal_bias_tee_cal.s2p,03/27/2026,12:42:00,0.0,3.552713678800501e-15,0.0,-1.024825,-1.035,-1.011,3.305,3.335,F_BEAT (GHz)|I_PD (mA)|Raw RF POW (dBm)|Total RF Loss (dB)|RF Probe Loss (dB)|RF Link Loss (dB)|Cal RF POW (dBm)|VOA P Actual (dBm),0.23,1.0,0.39,4.92,0.29,10.17,0.67,14.83,,,,,,,S21_cal_bias_tee_cal.s2p,B,0.3005162225238428,1.6500917302310495e-15
data_bw_user/Bias_5V_Iph_1mA_40um_38ohm_2.xlsx,38dc982f144fdfc9972a119131b6acf4,30,0,0.5,16.0,14,-5.000000E+00 V,-65.09 (mA),1555.7 (nm),1555.037 (nm),,C:/Users/jcchighpower/Desktop/Jeongyong/Bias_tee+cable_cal/S21_cal_bias_tee_cal.s2p,02/25/2026,21:16:19,0.0,3.552713678800501e-15,0.0,-65.08476666666665,-65.09,-65.079,5.394,5.421,F_BEAT (GHz)|I_PD (mA)|Raw RF POW (dBm)|Total RF Loss (dB)|RF Probe Loss (dB)|RF Link Loss (dB)|Cal RF POW (dBm)|VOA P Actual (dBm),0.23,1.0,0.38,4.75,0.35,10.0,0.67,14.83,,,,,,,S21_cal_bias_tee_cal.s2p,B,0.25330482295711093,1.4684072349331772e-15
data_bw_user/Bias_5V_Iph_1mA_40um_WO_2.xlsx,f8909e60dba4403ed41cef26173322f0,37,0,0.33,14.67,14,-5.000000E+00 V,-1.012 (mA),1555.7 (nm),1554.996 (nm),,C:/Users/jcchighpower/Desktop/Jeongyong/Bias_tee+cable_cal/S21_cal_bias_tee_cal.s2p,02/25/2026,20:52:01,0.0,3.552713678800501e-15,0.0,-1.021891891891892,-1.031,-1.011,5.387,5.513,F_BEAT (GHz)|I_PD (mA)|Raw RF POW (dBm)|Total RF Loss (dB)|RF Probe Loss (dB)|RF Link Loss (dB)|Cal RF POW (dBm)|VOA P Actual (dBm),0.29,1.17,0.38,4.75,0.35,10.0,,,,,,,,,S21_cal_bias_tee_cal.s2p,B,0.22101118963967933,1.749904611395408e-15
data_bw_user/Bias_5V_Iph_1mA_diff_probe_upto_30GHz_25um_WO.xlsx,24fbaa9e701d422d72b7b7788cbf72cd,60,0,0.5,31.33,14,-5.000000E+00 V,-1.014 (mA),1555.75 (nm),1555.051 (nm),,C:/Users/jcchighpower/Desktop/Jeongyong/Bias_tee+cable_cal/S21_cal_bias_tee_cal.s2p,02/16/2026,15:04:33,0.0,3.552713678800501e-15,0.0,-1.0115500000000002,-1.014,-1.01,4.6,4.623,F_BEAT (GHz)|I_PD (mA)|Raw RF POW (dBm)|Total RF Loss (dB)|RF Probe Loss (dB)|RF Link Loss (dB)|Cal RF POW (dBm)|VOA P Actual (dBm),0.23,1.0,0.38,4.75,0.29,10.17,0.63,14.67,1.36,19.83,1.23,24.83,1.26,30.08,S21_cal_bias_tee_cal.s2p,B,0.3219834364269895,1.0450259880334738e-15
data_bw_user/Bias_7V_Iph_1mA_120ohm_40um_140ohm_1.xlsx,9a7072018f511505bd3edd166658116c,30,0,0.5,15.5,14,-7.000000E+00 V,-49.109 (mA),1555.7 (nm),1555.055 (nm),,C:/Users/jcchighpower/Desktop/Jeongyong/Bias_tee+cable_cal/Cal.s2p,02/04/2026,17:28:30,0.0,3.552713678800501e-15,0.0,-49.11299999999998,-49.117,-49.106,6.371,6.392,F_BEAT (GHz)|I_PD (mA)|Raw RF POW (dBm)|Total RF Loss (dB)|RF Probe Loss (dB)|RF Link Loss (dB)|Cal RF POW (dBm)|VOA P Actual (dBm),0.2,1.0,0.32,5.08,0.46,9.67,0.87,15.0,,,,,,,Cal.s2p,A,1.9731592077958473e-15,0.2485692391802874
data_bw_user/Bias_7V_Iph_1mA_30GHz_30um_WO_2.xlsx,ad4e5a6dfb5bb609fc08f2704091e7b7,60,0,0.33,30.08,14,-7.000000E+00 V,-1.003 (mA),1555.6 (nm),1555.012 (nm),,C:/Users/jcchighpower/Desktop/Jeongyong/Bias_tee+cable_cal/S21_cal_bias_tee_cal.s2p,03/27/2026,13:22:08,0.0,3.552713678800501e-15,0.0,-1.0106666666666666,-1.021,-1.001,3.272,3.326,F_BEAT (GHz)|I_PD (mA)|Raw RF POW (dBm)|Total RF Loss (dB)|RF Probe Loss (dB)|RF Link Loss (dB)|Cal RF POW (dBm)|VOA P Actual (dBm),0.21,0.83,0.39,4.92,0.33,9.83,0.63,14.67,1.6,20.17,1.22,25.17,1.26,30.08,S21_cal_bias_tee_cal.s2p,B,0.329317476001502,1.4255309751295167e-15
data_bw_user/Bias_7V_Iph_1mA_30um_120ohm_1.xlsx,01235a0190dd9c2f7e96c116698638ee,50,0,1.17,27.75,14,-7.000000E+00 V,-59.745 (mA),1555.2 (nm),1554.593 (nm),,C:/Users/jcchighpower/Desktop/Jeongyong/Bias_tee+cable_cal/Cal.s2p,01/21/2026,17:34:57,0.0,3.552713678800501e-15,0.0,-59.786660000000005,-59.82,-59.745,5.886,5.894,F_BEAT (GHz)|I_PD (mA)|Raw RF POW (dBm)|Total RF Loss (dB)|RF Probe Loss (dB)|RF Link Loss (dB)|Cal RF POW (dBm)|VOA P Actual (dBm),,,0.32,5.08,0.47,9.83,0.88,15.17,1.07,19.83,1.2,24.83,,,Cal.s2p,A,7.236065407667668e-16,0.33458930048643165
data_bw_user/Bias_7V_Iph_1mA_30um_200ohm_1.xlsx,19e45eb6849dbecfafea92125becb5bb,60,0,0.33,26.33,14,-7.000000E+00 V,-34.739 (mA),1555.6 (nm),1555.014 (nm),,C:/Users/jcchighpower/Desktop/Jeongyong/Bias_tee+cable_cal/Cal.s2p,03/29/2026,16:01:21,0.0,3.552713678800501e-15,0.0,-34.735283333333335,-34.742,-34.729,3.755,3.798,F_BEAT (GHz)|I_PD (mA)|Raw RF POW (dBm)|Total RF Loss (dB)|RF Probe Loss (dB)|RF Link Loss (dB)|Cal RF POW (dBm)|VOA P Actual (dBm),0.18,0.83,0.32,4.92,0.47,9.83,0.88,15.17,1.07,19.83,1.2,24.83,,,Cal.s2p,A,1.3774522943022217e-15,0.40061411191652574
data_bw_user/Bias_7V_Iph_1mA_30um_38ohm_2.xlsx,1ad6ba1b47a0b6f76c14231ca515fe78,70,0,0.5,36.67,14,-7.000000E+00 V,-176.747 (mA),1555.6 (nm),1555.020 (nm),,C:/Users/jcchighpower/Desktop/Jeongyong/Bias_tee+cable_cal/S21_cal_bias_tee_cal.s2p,03/27/2026,17:55:28,0.0,3.552713678800501e-15,0.0,-176.7103,-176.757,-176.66,3.697,3.735,F_BEAT (GHz)|I_PD (mA)|Raw RF POW (dBm)|Total RF Loss (dB)|RF Probe Loss (dB)|RF Link Loss (dB)|Cal RF POW (dBm)|VOA P Actual (dBm)|Unnamed: 8|Unnamed: 9|Unnamed: 10,0.23,1.0,0.38,4.75,0.29,10.17,0.72,15.17,1.49,20.0,1.23,25.0,1.18,29.75,S21_cal_bias_tee_cal.s2p,B,0.3446736598369337,1.4538654070910221e-15
data_bw_user/Bias_7V_Iph_1mA_30um_60ohm_1.xlsx,b457137d952f1037406a41d4f0106f95,80,0,0.33,37.83,14,-7.000000E+00 V,-118.628 (mA),1555.2 (nm),1554.582 (nm),,C:/Users/jcchighpower/Desktop/Jeongyong/Bias_tee+cable_cal/Cal.s2p,01/21/2026,19:30:58,0.0,3.552713678800501e-15,0.0,-118.56665000000002,-118.633,-118.517,7.664,7.791,F_BEAT (GHz)|I_PD (mA)|Raw RF POW (dBm)|Total RF Loss (dB)|RF Probe Loss (dB)|RF Link Loss (dB)|Cal RF POW (dBm)|VOA P Actual (dBm),0.18,0.83,0.32,4.92,0.47,9.83,0.87,15.0,1.07,20.17,1.2,25.0,1.1,29.75,Cal.s2p,A,1.6681077853815917e-15,0.316954255374494
data_bw_user/Bias_7V_Iph_1mA_30um_60ohm_2.xlsx,2d00d55bbdfe825858bc8e1b10cc56d9,60,1,0.83,31.33,14,-7.000000E+00 V,-115.51 (mA),1555.6 (nm),1555.021 (nm),,C:/Users/jcchighpower/Desktop/Jeongyong/Bias_tee+cable_cal/S21_cal_bias_tee_cal.s2p,03/27/2026,15:15:44,0.0,1.0500000000000007,1.0499999999999998,-115.46723333333333,-115.51,-115.439,3.373,3.415,F_BEAT (GHz)|I_PD (mA)|Raw RF POW (dBm)|Total RF Loss (dB)|RF Probe Loss (dB)|RF Link Loss (dB)|Cal RF POW (dBm)|VOA P Actual (dBm)|Unnamed: 8|Unnamed: 9|Unnamed: 10|Unnamed: 11,0.21,0.83,0.4,5.08,0.33,9.83,0.67,14.83,1.6,20.17,1.23,24.83,1.24,29.92,S21_cal_bias_tee_cal.s2p,B,0.32937935763081483,1.409382291859954e-15
data_bw_user/Bias_7V_Iph_1mA_30um_76ohm_1.xlsx,cb605b5ebc233dfb05d64844157231f7,60,0,1.5,33.67,14,-7.000000E+00 V,-93.084 (mA),1555.2 (nm),1554.593 (nm),,C:/Users/jcchighpower/Desktop/Jeongyong/Bias_tee+cable_cal/Cal.s2p,01/21/2026,18:13:13,0.0,3.552713678800501e-15,0.0,-93.13143333333332,-93.151,-93.084,5.885,5.92,F_BEAT (GHz)|I_PD (mA)|Raw RF POW (dBm)|Total RF Loss (dB)|RF Probe Loss (dB)|RF Link Loss (dB)|Cal RF POW (dBm)|VOA P Actual (dBm),,,0.32,4.92,0.47,10.0,0.83,14.67,1.07,20.0,1.2,25.0,1.1,29.75,Cal.s2p,A,1.997578887614442e-15,0.3129217154497272
data_bw_user/Bias_7V_Iph_1mA_30um_WO_1.xlsx,d5046f0e40d0b4d6e1bc99e24264ea27,40,0,0.5,20.83,14,-7.000000E+00 V,-1.019 (mA),1555.2 (nm),1554.577 (nm),,C:/Users/jcchighpower/Desktop/Jeongyong/Bias_tee+cable_cal/Cal.s2p,01/21/2026,16:54:12,0.0,3.552713678800501e-15,0.0,-1.0154999999999998,-1.019,-1.013,5.809,5.822,F_BEAT (GHz)|I_PD (mA)|Raw RF POW (dBm)|Total RF Loss (dB)|RF Probe Loss (dB)|RF Link Loss (dB)|Cal RF POW (dBm)|VOA P Actual (dBm),0.18,0.83,0.32,5.08,0.46,9.67,0.87,15.0,1.07,19.83,,,,,Cal.s2p,A,1.0695084443661337e-15,0.34650757567476015
data_bw_user/Bias_7V_Iph_1mA_38ohm_30um_1.xlsx,75c8923a3607de598f217358c0c70772,80,0,0.5,37.83,14,-7.000000E+00 V,-177.359 (mA),1555.2 (nm),1554.581 (nm),,C:/Users/jcchighpower/Desktop/Jeongyong/Bias_tee+cable_cal/Cal.s2p,01/21/2026,19:56:18,0.0,3.552713678800501e-15,0.0,-177.3352,-177.359,-177.313,6.325,6.371,F_BEAT (GHz)|I_PD (mA)|Raw RF POW (dBm)|Total RF Loss (dB)|RF Probe Loss (dB)|RF Link Loss (dB)|Cal RF POW (dBm)|VOA P Actual (dBm),0.2,1.0,0.32,5.08,0.47,9.83,0.85,14.83,1.07,20.17,1.2,24.83,1.1,29.75,Cal.s2p,A,1.3267049011646797e-15,0.31996874847397205
data_bw_user/Bias_7V_Iph_1mA_40um_100ohm_1.xlsx,aa84e1df8d7af95d8412e182f8081640,40,0,0.67,20.67,14,-7.000000E+00 V,-65.454 (mA),1555.7 (nm),1555.057 (nm),,C:/Users/jcchighpower/Desktop/Jeongyong/Bias_tee+cable_cal/Cal.s2p,02/04/2026,18:30:35,0.0,3.552713678800501e-15,0.0,-65.43345,-65.454,-65.413,6.658,6.745,F_BEAT (GHz)|I_PD (mA)|Raw RF POW (dBm)|Total RF Loss (dB)|RF Probe Loss (dB)|RF Link Loss (dB)|Cal RF POW (dBm)|VOA P Actual (dBm),0.2,1.0,0.32,5.08,0.48,10.17,0.85,14.83,1.07,20.17,,,,,Cal.s2p,A,1.3633611069437946e-15,0.3334816336771785
data_bw_user/Bias_7V_Iph_1mA_40um_38ohm_1.xlsx,f9dbf8343ae20f46f25ae46fb45a7f07,40,0,0.67,20.33,14,-7.000000E+00 V,-161.566 (mA),1555.7 (nm),1555.062 (nm),,C:/Users/jcchighpower/Desktop/Jeongyong/Bias_tee+cable_cal/Cal.s2p,02/04/2026,18:07:33,0.0,3.552713678800501e-15,0.0,-161.432925,-161.566,-161.365,6.339,6.388,F_BEAT (GHz)|I_PD (mA)|Raw RF POW (dBm)|Total RF Loss (dB)|RF Probe Loss (dB)|RF Link Loss (dB)|Cal RF POW (dBm)|VOA P Actual (dBm),0.25,1.17,0.32,5.08,0.48,10.17,0.85,14.83,1.07,19.83,,,,,Cal.s2p,A,1.2442425513123378e-15,0.3073759912550095
data_bw_user/Bias_7V_Iph_1mA_40um_38ohm_2.xlsx,c361eb3e3d0b4767c1d19ee1526c441a,40,0,0.33,20.83,14,-7.000000E+00 V,-86.564 (mA),1555.7 (nm),1555.035 (nm),,C:/Users/jcchighpower/Desktop/Jeongyong/Bias_tee+cable_cal/S21_cal_bias_tee_cal.s2p,02/25/2026,21:32:07,0.0,3.552713678800501e-15,0.0,-86.53970000000001,-86.564,-86.528,5.38,5.421,F_BEAT (GHz)|I_PD (mA)|Raw RF POW (dBm)|Total RF Loss (dB)|RF Probe Loss (dB)|RF Link Loss (dB)|Cal RF POW (dBm)|VOA P Actual (dBm),0.21,0.83,0.41,5.25,0.35,10.0,0.72,15.17,1.36,19.83,,,,,S21_cal_bias_tee_cal.s2p,B,0.34311441240495827,1.4222125947949029e-15
data_bw_user/Bias_7V_Iph_1mA_40um_WO_2.xlsx,bbe9fb582814babebb339059460a67b6,58,0,0.5,29.42,14,-7.000000E+00 V,-1.019 (mA),1555.7 (nm),1555.043 (nm),,C:/Users/jcchighpower/Desktop/Jeongyong/Bias_tee+cable_cal/Cal.s2p,02/04/2026,13:33:49,0.0,3.552713678800501e-15,0.0,-1.0081724137931032,-1.019,-0.994,6.253,6.354,F_BEAT (GHz)|I_PD (mA)|Raw RF POW (dBm)|Total RF Loss (dB)|RF Probe Loss (dB)|RF Link Loss (dB)|Cal RF POW (dBm)|VOA P Actual (dBm),0.2,1.0,0.32,5.08,0.47,10.0,0.88,15.17,1.06,19.67,1.2,25.0,,,Cal.s2p,A,1.1911169285653465e-15,0.3293227114486061
data_bw_user/Bias_7V_Iph_1mA_40um_WO_3.xlsx,239b46371f76eda9a81234de79847cc4,45,0,0.33,22.5,14,-7.000000E+00 V,-1.06 (mA),1555.7 (nm),1555.048 (nm),,C:/Users/jcchighpower/Desktop/Jeongyong/Bias_tee+cable_cal/Cal.s2p,02/04/2026,16:49:37,0.0,3.552713678800501e-15,0.0,-1.0507555555555554,-1.062,-1.036,6.037,6.14,F_BEAT (GHz)|I_PD (mA)|Raw RF POW (dBm)|Total RF Loss (dB)|RF Probe Loss (dB)|RF Link Loss (dB)|Cal RF POW (dBm)|VOA P Actual (dBm),0.18,0.83,0.32,5.08,0.48,10.17,0.87,15.0,1.07,20.0,,,,,Cal.s2p,A,1.3144673866107306e-15,0.381048261743546
data_bw_user/Bias_7V_Iph_1mA_diff_probe_upto_30GHz_25um_WO.xlsx,5b8c4d2a67b969cc2ab372a05ea8831f,60,0,0.5,31.08,14,-7.000000E+00 V,-1.021 (mA),1555.75 (nm),1555.049 (nm),,C:/Users/jcchighpower/Desktop/Jeongyong/Bias_tee+cable_cal/S21_cal_bias_tee_cal.s2p,02/16/2026,14:43:25,0.0,3.552713678800501e-15,0.0,-1.0173666666666668,-1.022,-1.013,4.605,4.644,F_BEAT (GHz)|I_PD (mA)|Raw RF POW (dBm)|Total RF Loss (dB)|RF Probe Loss (dB)|RF Link Loss (dB)|Cal RF POW (dBm)|VOA P Actual (dBm),0.29,1.17,0.38,4.75,0.35,10.0,0.72,15.17,1.6,20.17,1.23,24.83,1.24,29.92,S21_cal_bias_tee_cal.s2p,B,0.3288833357682724,1.6987984415266971e-15
