f,median,std,count,fam
0.33,0.08999999999999986,0.0,10,A_Cal.s2p
0.5,0.120000000000001,2.227085894941024e-16,16,A_Cal.s2p
0.67,0.15000000000000036,1.5888218580782547e-15,6,A_Cal.s2p
0.83,0.17999999999999972,0.0,10,A_Cal.s2p
1.0,0.1999999999999993,1.4121799846918851e-15,17,A_Cal.s2p
1.17,0.25,0.0,9,A_Cal.s2p
1.33,0.29999999999999893,1.622304167311222e-15,12,A_Cal.s2p
1.5,0.34999999999999964,1.601956033197261e-15,21,A_Cal.s2p
1.67,0.3999999999999986,1.3683996080322795e-15,7,A_Cal.s2p
1.83,0.46000000000000085,1.5664082319591336e-15,9,A_Cal.s2p
2.0,0.5199999999999996,1.1444625576040417e-15,20,A_Cal.s2p
2.17,0.5,0.0,13,A_Cal.s2p
2.33,0.4800000000000004,0.0,4,A_Cal.s2p
2.5,0.41999999999999815,1.5260238831245822e-15,19,A_Cal.s2p
2.67,0.35999999999999943,1.9494875626492583e-16,13,A_Cal.s2p
2.83,0.35999999999999943,0.0,2,A_Cal.s2p
2.92,0.35999999999999943,0.0,17,A_Cal.s2p
3.08,0.3599999999999999,1.5085693681603303e-15,16,A_Cal.s2p
3.25,0.35999999999999943,3.315213449533804e-16,7,A_Cal.s2p
3.42,0.3500000000000014,1.8551026114548662e-15,11,A_Cal.s2p
3.58,0.35000000000000053,1.6539156020220858e-15,21,A_Cal.s2p
3.75,0.3500000000000014,1.6246582723968836e-15,8,A_Cal.s2p
3.92,0.35999999999999943,1.8357888255511337e-15,10,A_Cal.s2p
4.08,0.35999999999999943,3.204209332891338e-16,23,A_Cal.s2p
4.25,0.33999999999999986,0.0,7,A_Cal.s2p
4.42,0.33000000000000007,1.89900533991096e-15,8,A_Cal.s2p
4.58,0.3200000000000003,1.5246377949131453e-15,21,A_Cal.s2p
4.75,0.3200000000000003,5.581869458869906e-16,10,A_Cal.s2p
4.92,0.3200000000000003,0.0,10,A_Cal.s2p
5.08,0.3200000000000003,1.2696772820878114e-15,21,A_Cal.s2p
5.25,0.3200000000000003,1.1359458890015176e-16,17,A_Cal.s2p
5.42,0.33000000000000185,1.7284393335415276e-15,9,A_Cal.s2p
5.58,0.33000000000000007,1.7118688627869887e-15,16,A_Cal.s2p
5.75,0.33999999999999986,1.18687833744435e-16,15,A_Cal.s2p
5.92,0.34999999999999964,1.590889291429193e-15,7,A_Cal.s2p
6.08,0.34999999999999787,1.8080427154890602e-15,15,A_Cal.s2p
6.25,0.35999999999999943,1.0412125019176512e-15,12,A_Cal.s2p
6.42,0.35999999999999943,0.0,3,A_Cal.s2p
6.5,0.35999999999999943,1.6396945454457612e-15,11,A_Cal.s2p
6.67,0.370000000000001,1.5907601555637723e-15,16,A_Cal.s2p
6.83,0.3799999999999999,1.4934647558777201e-15,12,A_Cal.s2p
7.0,0.379999999999999,1.3025280040350902e-15,8,A_Cal.s2p
7.17,0.39000000000000057,1.6303384401815913e-15,22,A_Cal.s2p
7.33,0.39000000000000057,0.0,9,A_Cal.s2p
7.5,0.40000000000000013,1.5561835079821785e-15,10,A_Cal.s2p
7.67,0.3999999999999986,1.251650292199204e-15,16,A_Cal.s2p
7.83,0.41000000000000014,2.1339527542557258e-16,19,A_Cal.s2p
8.0,0.41000000000000014,8.392497208503151e-17,8,A_Cal.s2p
8.17,0.41999999999999815,1.8490297015668032e-15,11,A_Cal.s2p
8.33,0.4200000000000017,1.5245367351712178e-15,21,A_Cal.s2p
8.5,0.4200000000000017,1.415262216750919e-15,11,A_Cal.s2p
8.67,0.4200000000000017,0.0,10,A_Cal.s2p
8.83,0.4299999999999997,5.055402096967028e-16,17,A_Cal.s2p
9.0,0.4299999999999997,3.563106817568154e-16,6,A_Cal.s2p
9.17,0.4399999999999977,1.8358287909110652e-15,15,A_Cal.s2p
9.33,0.4499999999999993,2.805672991695901e-16,12,A_Cal.s2p
9.5,0.4499999999999993,1.5557159006215198e-15,13,A_Cal.s2p
9.67,0.46000000000000085,1.3252136879092019e-15,13,A_Cal.s2p
9.83,0.46999999999999886,2.8062276369502464e-16,10,A_Cal.s2p
10.0,0.4700000000000024,1.4878268922057461e-15,12,A_Cal.s2p
10.17,0.4800000000000004,1.387677847745145e-15,12,A_Cal.s2p
10.33,0.4899999999999991,1.6942622311438525e-15,14,A_Cal.s2p
10.5,0.5,0.0,13,A_Cal.s2p
10.67,0.5199999999999996,3.183499858928491e-16,10,A_Cal.s2p
10.83,0.5300000000000011,1.6554364728171875e-15,13,A_Cal.s2p
11.0,0.5399999999999991,1.3801883203169686e-15,12,A_Cal.s2p
11.17,0.5500000000000007,1.015331361609779e-15,12,A_Cal.s2p
11.33,0.56,1.7266555979440257e-15,17,A_Cal.s2p
11.5,0.5700000000000003,1.6806835668167716e-15,13,A_Cal.s2p
11.67,0.5800000000000018,1.5577778178957092e-15,9,A_Cal.s2p
11.83,0.5899999999999999,2.837772907427788e-16,16,A_Cal.s2p
12.0,0.5999999999999979,1.7666156787147078e-15,16,A_Cal.s2p
12.17,0.6099999999999994,4.1043229949538597e-16,7,A_Cal.s2p
12.33,0.620000000000001,1.2803716525534355e-15,15,A_Cal.s2p
12.5,0.629999999999999,1.2426848578700576e-15,15,A_Cal.s2p
12.67,0.6400000000000001,1.557707168773566e-15,8,A_Cal.s2p
12.83,0.6499999999999999,1.641103419724397e-15,9,A_Cal.s2p
13.0,0.6600000000000001,0.0,22,A_Cal.s2p
13.17,0.6799999999999997,3.568867705432764e-16,7,A_Cal.s2p
13.25,0.6899999999999977,,1,A_Cal.s2p
13.33,0.7000000000000002,,1,A_Cal.s2p
13.5,0.7199999999999989,1.7255717160298919e-15,15,A_Cal.s2p
13.67,0.7399999999999993,1.7340367547598438e-15,20,A_Cal.s2p
13.83,0.75,0.0,8,A_Cal.s2p
14.0,0.7600000000000016,1.5635367204116223e-15,13,A_Cal.s2p
14.17,0.7800000000000011,1.2564010269621833e-15,16,A_Cal.s2p
14.33,0.8000000000000007,1.4802973661668755e-15,10,A_Cal.s2p
14.5,0.8099999999999987,1.245515578754035e-15,15,A_Cal.s2p
14.67,0.8300000000000001,1.7696945725838957e-15,13,A_Cal.s2p
14.83,0.8500000000000005,1.5782488380292966e-15,13,A_Cal.s2p
15.0,0.870000000000001,1.4895204919483639e-15,14,A_Cal.s2p
15.17,0.879999999999999,1.7342238036525468e-15,14,A_Cal.s2p
15.33,0.8900000000000006,1.0706603116298291e-15,11,A_Cal.s2p
15.5,0.8900000000000006,4.902612130890298e-16,13,A_Cal.s2p
15.67,0.8999999999999986,1.4873284076230524e-15,18,A_Cal.s2p
15.83,0.9199999999999999,1.640298496883664e-15,8,A_Cal.s2p
16.0,0.9399999999999986,1.644586866285194e-15,8,A_Cal.s2p
16.17,0.9499999999999993,1.32697032177375e-16,15,A_Cal.s2p
16.33,0.9699999999999998,1.3276336411462306e-15,12,A_Cal.s2p
16.5,0.9700000000000006,1.6576509860377813e-15,15,A_Cal.s2p
16.67,0.9499999999999993,1.5258555995074125e-16,10,A_Cal.s2p
16.83,0.9400000000000013,1.529665482091057e-15,13,A_Cal.s2p
17.0,0.94,1.5700924586837751e-15,8,A_Cal.s2p
17.17,0.9400000000000013,1.5081218629048491e-15,22,A_Cal.s2p
17.33,0.9600000000000009,1.6306084308169078e-15,8,A_Cal.s2p
17.5,0.9600000000000009,1.3481534026112438e-15,12,A_Cal.s2p
17.67,0.9499999999999993,0.0,14,A_Cal.s2p
17.83,0.9499999999999993,1.3970000036909087e-16,13,A_Cal.s2p
18.0,0.9499999999999993,3.060673659425244e-16,11,A_Cal.s2p
18.17,0.9500000000000002,1.5216826406487833e-15,15,A_Cal.s2p
18.33,0.9600000000000009,1.1120718569210611e-15,19,A_Cal.s2p
18.5,0.9699999999999989,1.9484335006297032e-15,5,A_Cal.s2p
18.67,0.9800000000000004,1.2242694637700976e-15,16,A_Cal.s2p
18.83,0.9899999999999984,1.508625440021514e-15,18,A_Cal.s2p
19.0,1.0,0.0,11,A_Cal.s2p
19.17,1.009999999999999,9.203961322527087e-16,12,A_Cal.s2p
19.33,1.0300000000000011,1.5499806545685393e-15,12,A_Cal.s2p
19.5,1.0500000000000003,1.8069332127940082e-15,10,A_Cal.s2p
19.67,1.0599999999999996,1.5374796308561895e-15,19,A_Cal.s2p
19.83,1.0700000000000003,5.874748045952207e-16,11,A_Cal.s2p
20.0,1.0700000000000003,1.2391373631705177e-15,8,A_Cal.s2p
20.17,1.0700000000000003,2.293266818639604e-16,16,A_Cal.s2p
20.33,1.0899999999999999,2.8665835232995054e-16,13,A_Cal.s2p
20.5,1.0999999999999979,1.5443677162933551e-15,9,A_Cal.s2p
20.67,1.100000000000001,1.5265734803278897e-15,16,A_Cal.s2p
20.83,1.1000000000000014,6.568167990716596e-16,9,A_Cal.s2p
21.0,1.0899999999999999,0.0,12,A_Cal.s2p
21.17,1.0800000000000018,1.6641004985786145e-15,13,A_Cal.s2p
21.33,1.0600000000000014,9.930136612989092e-16,6,A_Cal.s2p
21.5,1.0500000000000007,1.6186862418282535e-15,8,A_Cal.s2p
21.67,1.0500000000000007,1.560248521776408e-15,9,A_Cal.s2p
21.83,1.0499999999999998,1.6764000044290905e-15,5,A_Cal.s2p
22.0,1.0600000000000023,1.595016118833212e-15,11,A_Cal.s2p
22.17,1.0700000000000003,1.4113375874265713e-15,11,A_Cal.s2p
22.33,1.080000000000001,9.729507111180987e-16,6,A_Cal.s2p
22.5,1.0800000000000003,1.6178949016480681e-15,12,A_Cal.s2p
22.67,1.0800000000000018,1.5740127955196998e-15,9,A_Cal.s2p
22.83,1.0799999999999992,1.0255800994045674e-15,4,A_Cal.s2p
23.0,1.0800000000000018,1.3925814369968891e-15,7,A_Cal.s2p
23.17,1.0899999999999999,3.9720546451956367e-16,6,A_Cal.s2p
23.33,1.0999999999999996,1.6129860343558435e-15,14,A_Cal.s2p
23.5,1.1099999999999994,0.0,4,A_Cal.s2p
23.67,1.120000000000001,8.406473066991232e-16,7,A_Cal.s2p
23.83,1.129999999999999,1.6252000960812471e-15,8,A_Cal.s2p
24.0,1.1500000000000012,1.6467268631127714e-15,10,A_Cal.s2p
24.17,1.1600000000000001,0.0,5,A_Cal.s2p
24.33,1.1799999999999997,1.3243137218683708e-15,15,A_Cal.s2p
24.5,1.1900000000000013,0.0,3,A_Cal.s2p
24.67,1.1900000000000013,7.971645280375756e-16,10,A_Cal.s2p
24.83,1.1999999999999993,5.484097192022683e-16,11,A_Cal.s2p
25.0,1.1999999999999993,0.0,9,A_Cal.s2p
25.17,1.2000000000000002,1.7342238036525468e-15,6,A_Cal.s2p
25.33,1.2100000000000004,9.077873704333952e-16,8,A_Cal.s2p
25.5,1.2099999999999973,1.859416423549057e-15,9,A_Cal.s2p
25.67,1.1900000000000013,1.8862903738795375e-15,7,A_Cal.s2p
25.83,1.1600000000000001,6.366999717856982e-16,10,A_Cal.s2p
26.0,1.1099999999999994,0.0,8,A_Cal.s2p
26.17,1.0700000000000003,0.0,10,A_Cal.s2p
26.33,1.0599999999999996,8.671119018262734e-16,9,A_Cal.s2p
26.5,1.0500000000000007,6.713997766802521e-16,8,A_Cal.s2p
26.67,1.0299999999999976,1.8444410139024814e-15,8,A_Cal.s2p
26.83,1.0099999999999998,1.5888218580782547e-15,6,A_Cal.s2p
27.0,0.9800000000000004,0.0,2,A_Cal.s2p
27.08,0.9700000000000006,1.5798750608595155e-15,5,A_Cal.s2p
27.25,0.9499999999999993,3.3569988834012605e-16,8,A_Cal.s2p
27.42,0.9299999999999997,5.20740757162067e-16,3,A_Cal.s2p
27.58,0.9200000000000004,1.6331980699775965e-15,6,A_Cal.s2p
27.75,0.9299999999999997,0.0,8,A_Cal.s2p
27.92,0.9199999999999982,1.3384213234028293e-15,7,A_Cal.s2p
28.08,0.9100000000000001,0.0,3,A_Cal.s2p
28.25,0.9100000000000001,0.0,5,A_Cal.s2p
28.42,0.9100000000000001,0.0,5,A_Cal.s2p
28.58,0.9299999999999997,3.7155169009665004e-16,6,A_Cal.s2p
28.75,0.9699999999999989,0.0,4,A_Cal.s2p
28.92,0.9800000000000004,0.0,5,A_Cal.s2p
29.08,0.9699999999999993,8.503660955450859e-16,4,A_Cal.s2p
29.25,0.9800000000000004,0.0,6,A_Cal.s2p
29.42,1.0,0.0,3,A_Cal.s2p
29.58,1.0399999999999991,,1,A_Cal.s2p
29.75,1.1000000000000014,1.7007321910901718e-15,7,A_Cal.s2p
30.08,1.1399999999999997,1.2560739669470201e-15,2,A_Cal.s2p
30.25,1.129999999999999,1.7031462905183537e-15,7,A_Cal.s2p
30.58,1.1000000000000005,1.2560739669470201e-15,2,A_Cal.s2p
30.75,1.129999999999999,0.0,2,A_Cal.s2p
30.92,1.1999999999999993,7.091535990731451e-16,6,A_Cal.s2p
31.08,1.2899999999999991,,1,A_Cal.s2p
31.33,1.379999999999999,7.850462293418876e-16,5,A_Cal.s2p
31.5,1.4299999999999997,0.0,2,A_Cal.s2p
31.67,1.4400000000000013,,1,A_Cal.s2p
31.83,1.459999999999999,0.0,2,A_Cal.s2p
32.0,1.5199999999999996,1.8390870374006467e-15,6,A_Cal.s2p
32.33,1.6199999999999992,1.041481514324134e-15,3,A_Cal.s2p
32.5,1.6700000000000017,0.0,6,A_Cal.s2p
32.67,1.7400000000000002,,1,A_Cal.s2p
32.83,1.8100000000000005,,1,A_Cal.s2p
33.0,1.8000000000000007,1.7460294117326227e-15,7,A_Cal.s2p
33.17,1.799999999999999,,1,A_Cal.s2p
33.33,1.7699999999999996,,1,A_Cal.s2p
33.5,1.7300000000000004,1.9357399876532506e-15,5,A_Cal.s2p
33.67,1.7300000000000004,1.041481514324134e-15,3,A_Cal.s2p
33.83,1.7200000000000006,,1,A_Cal.s2p
34.0,1.6799999999999997,0.0,5,A_Cal.s2p
34.33,1.5999999999999996,,1,A_Cal.s2p
34.5,1.5700000000000003,0.0,4,A_Cal.s2p
34.67,1.5,,1,A_Cal.s2p
34.83,1.4299999999999997,,1,A_Cal.s2p
35.0,1.4299999999999997,0.0,4,A_Cal.s2p
35.33,1.4900000000000002,,1,A_Cal.s2p
35.67,1.6000000000000014,0.0,4,A_Cal.s2p
35.83,1.6600000000000001,,1,A_Cal.s2p
36.17,1.7399999999999984,0.0,4,A_Cal.s2p
36.5,1.8499999999999996,,1,A_Cal.s2p
36.83,1.9600000000000009,0.0,4,A_Cal.s2p
37.17,1.9800000000000004,0.0,4,A_Cal.s2p
37.67,1.9600000000000009,,1,A_Cal.s2p
37.83,1.9399999999999995,2.0511601988091347e-15,4,A_Cal.s2p
41.83,1.17,,1,A_Cal.s2p
47.0,2.2200000000000006,,1,A_Cal.s2p
0.33,0.10999999999999943,2.683118732393236e-16,11,B_S21_cal
0.5,0.14000000000000057,8.514489691496766e-16,18,B_S21_cal
0.67,0.17999999999999972,0.0,2,B_S21_cal
0.83,0.20999999999999996,1.7958951311445334e-15,11,B_S21_cal
1.0,0.23000000000000043,1.6429183426407168e-15,20,B_S21_cal
1.17,0.28999999999999915,1.5857156540161844e-15,5,B_S21_cal
1.33,0.33999999999999986,0.0,3,B_S21_cal
1.5,0.3999999999999986,1.327053254827284e-15,27,B_S21_cal
1.67,0.46000000000000085,1.6115998561773288e-15,8,B_S21_cal
1.83,0.5099999999999989,1.7604250661042806e-15,8,B_S21_cal
2.0,0.5600000000000003,1.663112608614093e-15,16,B_S21_cal
2.17,0.5399999999999991,1.7496623022645344e-15,12,B_S21_cal
2.33,0.5100000000000016,1.4028697774578022e-15,7,B_S21_cal
2.5,0.46000000000000085,1.5083250307232447e-15,18,B_S21_cal
2.67,0.41000000000000014,0.0,15,B_S21_cal
2.83,0.41000000000000014,4.486912934894983e-16,4,B_S21_cal
2.92,0.41000000000000014,0.0,11,B_S21_cal
3.08,0.41999999999999993,1.5579680111468782e-15,14,B_S21_cal
3.25,0.41999999999999815,1.8261243633040052e-15,12,B_S21_cal
3.42,0.41000000000000014,5.20740757162067e-16,3,B_S21_cal
3.58,0.41000000000000014,0.0,22,B_S21_cal
3.75,0.41000000000000014,2.3737566748887e-16,15,B_S21_cal
3.92,0.40999999999999837,2.059156955057807e-15,4,B_S21_cal
4.08,0.41000000000000014,0.0,27,B_S21_cal
4.25,0.39000000000000057,1.825295792301721e-15,6,B_S21_cal
4.42,0.379999999999999,1.5098398190083442e-15,10,B_S21_cal
4.58,0.379999999999999,1.7042424779849463e-15,12,B_S21_cal
4.75,0.379999999999999,1.5327889414912899e-15,17,B_S21_cal
4.92,0.39000000000000057,0.0,6,B_S21_cal
5.08,0.40000000000000036,1.7827637620912067e-15,11,B_S21_cal
5.25,0.41000000000000014,0.0,18,B_S21_cal
5.42,0.41000000000000014,0.0,14,B_S21_cal
5.58,0.4200000000000017,1.4001213849973702e-15,7,B_S21_cal
5.75,0.4200000000000017,1.2222838642722063e-15,18,B_S21_cal
5.92,0.4299999999999997,0.0,11,B_S21_cal
6.08,0.4400000000000013,1.3412225122777288e-15,14,B_S21_cal
6.25,0.4499999999999993,1.548132042069375e-16,10,B_S21_cal
6.42,0.46000000000000085,0.0,6,B_S21_cal
6.5,0.46000000000000085,1.2554604997715037e-15,9,B_S21_cal
6.67,0.4700000000000015,1.7719181114778642e-15,10,B_S21_cal
6.83,0.47,1.664038772637883e-15,16,B_S21_cal
7.0,0.4800000000000004,1.502337745331923e-15,10,B_S21_cal
7.17,0.4800000000000004,1.4210339709838103e-15,17,B_S21_cal
7.33,0.4800000000000004,1.6958936828758672e-16,7,B_S21_cal
7.5,0.48999999999999844,1.834869382018308e-15,15,B_S21_cal
7.67,0.4900000000000002,1.6631357690005192e-15,17,B_S21_cal
7.83,0.490000000000002,1.4365487997314296e-15,11,B_S21_cal
8.0,0.5,0.0,10,B_S21_cal
8.17,0.4800000000000004,1.4802395409215882e-15,19,B_S21_cal
8.33,0.46000000000000085,1.2858214429024784e-15,14,B_S21_cal
8.5,0.4299999999999997,0.0,8,B_S21_cal
8.67,0.39000000000000057,1.0223427372290141e-15,12,B_S21_cal
8.83,0.3099999999999987,7.488863730937846e-16,12,B_S21_cal
9.0,0.21000000000000085,1.373457018935243e-15,13,B_S21_cal
9.17,0.07000000000000028,0.0,10,B_S21_cal
9.33,0.09999999999999964,1.5382684265260963e-15,17,B_S21_cal
9.5,0.21000000000000085,1.5609067156558329e-15,13,B_S21_cal
9.67,0.27999999999999936,1.7902884162752205e-15,9,B_S21_cal
9.83,0.33000000000000185,1.1956296481136815e-15,12,B_S21_cal
10.0,0.3500000000000014,1.472653105968852e-15,15,B_S21_cal
10.17,0.28999999999999915,1.4293447747153169e-15,11,B_S21_cal
10.33,0.1999999999999993,6.158830266755743e-16,17,B_S21_cal
10.5,0.15000000000000213,1.8336334038497063e-15,6,B_S21_cal
10.67,0.11999999999999922,1.649052625866103e-15,16,B_S21_cal
10.83,0.08999999999999986,1.5100665727558131e-15,10,B_S21_cal
11.0,0.03999999999999915,1.6075677525280024e-15,12,B_S21_cal
11.17,0.0,0.0,19,B_S21_cal
11.33,0.029999999999998472,1.7695805876735486e-15,12,B_S21_cal
11.5,0.00999999999999801,1.6273486801150295e-15,8,B_S21_cal
11.67,0.05999999999999872,1.2861925526039545e-15,15,B_S21_cal
11.83,0.07000000000000028,6.737519483400931e-16,7,B_S21_cal
12.0,0.030000000000001137,1.249939159600547e-15,15,B_S21_cal
12.17,0.009999999999999787,1.5723613075073563e-15,16,B_S21_cal
12.33,0.04000000000000048,1.712314987376621e-15,12,B_S21_cal
12.5,0.08999999999999986,0.0,3,B_S21_cal
12.67,0.14999999999999858,1.5494349656815108e-15,21,B_S21_cal
12.83,0.23000000000000043,0.0,8,B_S21_cal
13.0,0.3200000000000003,0.0,12,B_S21_cal
13.17,0.34999999999999876,1.7653625177564367e-15,12,B_S21_cal
13.25,0.33999999999999986,0.0,5,B_S21_cal
13.33,0.3199999999999976,1.7007321910901718e-15,4,B_S21_cal
13.5,0.379999999999999,5.881301029635769e-16,9,B_S21_cal
13.67,0.5100000000000016,1.5560459909924362e-15,17,B_S21_cal
13.83,0.5600000000000005,1.5400384829114069e-15,13,B_S21_cal
14.0,0.5300000000000011,1.8332692514427205e-15,10,B_S21_cal
14.17,0.5199999999999996,1.3630323088907933e-15,12,B_S21_cal
14.33,0.5300000000000002,1.3842417455505743e-15,12,B_S21_cal
14.5,0.5700000000000003,1.6419079479628001e-15,8,B_S21_cal
14.67,0.629999999999999,8.85572511629896e-16,17,B_S21_cal
14.83,0.6700000000000017,1.6238243444739615e-15,14,B_S21_cal
15.0,0.6899999999999995,9.742167503148516e-16,5,B_S21_cal
15.17,0.7200000000000024,1.6199713451571071e-15,12,B_S21_cal
15.33,0.7600000000000016,1.8294961442693824e-15,12,B_S21_cal
15.5,0.7699999999999996,7.641609510686933e-16,9,B_S21_cal
15.67,0.75,0.0,20,B_S21_cal
15.83,0.7300000000000004,2.059156955057807e-15,3,B_S21_cal
16.0,0.6999999999999993,1.3483611784316361e-15,13,B_S21_cal
16.17,0.6700000000000017,1.660488051076451e-15,14,B_S21_cal
16.33,0.6400000000000006,6.568167990716596e-16,7,B_S21_cal
16.5,0.5899999999999999,1.2391373631705177e-15,15,B_S21_cal
16.67,0.509999999999998,1.7215419237734223e-15,10,B_S21_cal
16.83,0.4200000000000017,9.742167503148516e-16,5,B_S21_cal
17.0,0.28999999999999915,1.6992864028481787e-15,15,B_S21_cal
17.17,0.240000000000002,1.2794487463737265e-15,16,B_S21_cal
17.33,0.27999999999999936,2.5121479338940403e-15,2,B_S21_cal
17.5,0.3099999999999987,1.3279014261977615e-15,14,B_S21_cal
17.67,0.3500000000000014,1.7161999220386418e-15,12,B_S21_cal
17.83,0.3500000000000014,6.699776655768845e-16,7,B_S21_cal
18.0,0.3100000000000005,1.5072580941561347e-15,17,B_S21_cal
18.17,0.35999999999999943,1.897691282939583e-15,7,B_S21_cal
18.33,0.5100000000000016,1.8314006654394267e-15,10,B_S21_cal
18.5,0.620000000000001,1.0605390551611693e-15,13,B_S21_cal
18.67,0.6699999999999982,1.7806883670196607e-15,9,B_S21_cal
18.83,0.7800000000000011,1.464484751053976e-15,11,B_S21_cal
19.0,0.9700000000000011,1.7905633129389856e-15,10,B_S21_cal
19.17,1.12,1.6944021314150247e-15,14,B_S21_cal
19.33,1.2000000000000028,1.8364041956551467e-15,6,B_S21_cal
19.5,1.259999999999998,7.611305586242616e-16,9,B_S21_cal
19.67,1.299999999999999,1.7002928956699312e-15,12,B_S21_cal
19.83,1.3599999999999994,0.0,10,B_S21_cal
20.0,1.490000000000002,1.4928268678079713e-15,6,B_S21_cal
20.17,1.5999999999999996,1.5291857676244382e-15,15,B_S21_cal
20.33,1.6799999999999997,1.6338448384287867e-15,8,B_S21_cal
20.5,1.8000000000000007,0.0,6,B_S21_cal
20.67,1.9700000000000002,1.3439911407396807e-15,12,B_S21_cal
20.83,2.09,0.0,9,B_S21_cal
21.0,2.120000000000001,0.0,8,B_S21_cal
21.17,2.1099999999999994,5.836475664302751e-16,12,B_S21_cal
21.33,2.009999999999998,1.8387040139585255e-15,8,B_S21_cal
21.5,1.8999999999999995,1.7342238036525468e-15,6,B_S21_cal
21.67,1.790000000000001,1.6000016692061348e-15,14,B_S21_cal
21.83,1.6700000000000017,1.9186846773327266e-15,7,B_S21_cal
22.0,1.5599999999999987,1.683736582170148e-15,7,B_S21_cal
22.17,1.4600000000000009,1.4286978659812466e-15,11,B_S21_cal
22.33,1.4100000000000001,0.0,11,B_S21_cal
22.5,1.3599999999999994,0.0,5,B_S21_cal
22.67,1.3099999999999987,1.6103975366082986e-15,11,B_S21_cal
22.83,1.2699999999999996,0.0,8,B_S21_cal
23.0,1.25,0.0,3,B_S21_cal
23.17,1.2399999999999984,1.556576346723418e-15,15,B_S21_cal
23.33,1.2399999999999984,8.406473066991232e-16,7,B_S21_cal
23.5,1.2300000000000004,7.850462293418876e-16,5,B_S21_cal
23.67,1.2199999999999989,1.3010626525216818e-15,13,B_S21_cal
23.83,1.2200000000000015,1.7342238036525468e-15,6,B_S21_cal
24.0,1.2399999999999984,1.345419652541408e-15,8,B_S21_cal
24.17,1.25,2.9373740229761033e-16,9,B_S21_cal
24.33,1.25,0.0,10,B_S21_cal
24.5,1.25,0.0,8,B_S21_cal
24.67,1.2399999999999984,6.280369834735101e-16,9,B_S21_cal
24.83,1.2300000000000004,5.874748045952207e-16,13,B_S21_cal
25.0,1.2300000000000004,1.3260853798135216e-15,7,B_S21_cal
25.17,1.2199999999999989,1.2262814116578437e-15,9,B_S21_cal
25.33,1.1900000000000013,8.426000324584082e-16,11,B_S21_cal
25.5,1.1500000000000021,0.0,5,B_S21_cal
25.67,1.120000000000001,1.4286978659812466e-15,11,B_S21_cal
25.83,1.0899999999999999,5.733167046599011e-16,13,B_S21_cal
26.0,1.0300000000000002,1.7342238036525468e-15,8,B_S21_cal
26.17,0.9800000000000004,0.0,6,B_S21_cal
26.33,0.9800000000000004,1.4867595618788008e-15,10,B_S21_cal
26.5,0.9800000000000004,1.251861297841264e-15,8,B_S21_cal
26.67,1.0,0.0,8,B_S21_cal
26.83,1.0100000000000016,9.678699938266253e-16,5,B_S21_cal
27.0,0.9700000000000024,0.0,2,B_S21_cal
27.08,0.9600000000000009,1.541371849813047e-15,9,B_S21_cal
27.25,0.9400000000000013,1.2947314098277875e-15,9,B_S21_cal
27.42,0.9400000000000013,1.6413716396199079e-15,8,B_S21_cal
27.58,0.950000000000002,1.7604250661042806e-15,8,B_S21_cal
27.75,0.9700000000000006,1.5451656330173695e-15,11,B_S21_cal
27.92,0.9800000000000004,1.8357328725854993e-15,6,B_S21_cal
28.08,0.9800000000000004,1.3112857256711536e-15,13,B_S21_cal
28.25,0.9800000000000004,1.251861297841264e-15,8,B_S21_cal
28.42,0.9699999999999998,1.5706531058927462e-15,8,B_S21_cal
28.58,0.9800000000000004,1.4950270559846736e-15,10,B_S21_cal
28.75,0.9900000000000011,1.45519706309924e-15,6,B_S21_cal
28.92,1.0,0.0,9,B_S21_cal
29.08,0.990000000000002,1.4146682758070517e-15,12,B_S21_cal
29.25,1.0,0.0,7,B_S21_cal
29.42,1.0399999999999991,1.7271017045521525e-15,7,B_S21_cal
29.58,1.1000000000000014,1.3717732870252122e-15,13,B_S21_cal
29.75,1.1799999999999997,8.694778322860238e-16,4,B_S21_cal
29.92,1.2399999999999984,1.58288654265666e-15,12,B_S21_cal
30.08,1.259999999999998,1.7055569729570692e-15,7,B_S21_cal
30.25,1.25,0.0,7,B_S21_cal
30.42,1.2199999999999998,1.2560739669470201e-15,2,B_S21_cal
30.58,1.2299999999999986,1.8107189559191205e-15,13,B_S21_cal
30.75,1.2699999999999996,0.0,4,B_S21_cal
30.92,1.3500000000000014,7.160723346098896e-16,6,B_S21_cal
31.08,1.4400000000000013,2.296847253011292e-15,8,B_S21_cal
31.33,1.4600000000000009,1.7055569729570692e-15,7,B_S21_cal
31.5,1.4399999999999977,1.5700924586837751e-15,5,B_S21_cal
31.67,1.4500000000000028,0.0,2,B_S21_cal
31.83,1.4699999999999989,,1,B_S21_cal
32.0,1.5399999999999991,0.0,2,B_S21_cal
32.17,1.620000000000001,1.961044852356119e-15,5,B_S21_cal
32.33,1.709999999999999,,1,B_S21_cal
32.5,1.8000000000000007,0.0,2,B_S21_cal
32.67,1.879999999999999,1.5700924586837751e-15,5,B_S21_cal
33.0,2.0199999999999996,8.503660955450859e-16,4,B_S21_cal
33.17,2.0700000000000003,1.812986607347358e-15,4,B_S21_cal
33.5,2.1799999999999997,0.0,3,B_S21_cal
33.67,2.25,0.0,2,B_S21_cal
33.83,2.3200000000000003,0.0,3,B_S21_cal
34.0,2.34,0.0,2,B_S21_cal
34.17,2.3599999999999994,,1,B_S21_cal
34.33,2.289999999999999,0.0,3,B_S21_cal
34.67,2.1500000000000004,1.7763568394002505e-15,5,B_S21_cal
34.83,2.080000000000002,5.0242958677880805e-15,2,B_S21_cal
35.0,2.080000000000002,2.082963028648268e-15,3,B_S21_cal
35.17,2.0799999999999983,9.930136612989092e-16,3,B_S21_cal
35.5,2.1099999999999994,2.082963028648268e-15,3,B_S21_cal
35.67,2.099999999999998,9.930136612989092e-16,3,B_S21_cal
35.83,2.09,0.0,2,B_S21_cal
36.0,2.0599999999999987,2.082963028648268e-15,3,B_S21_cal
36.17,2.0299999999999976,0.0,2,B_S21_cal
36.33,2.0599999999999987,9.930136612989092e-16,3,B_S21_cal
36.5,2.0999999999999996,2.5121479338940403e-15,2,B_S21_cal
36.67,2.1400000000000006,0.0,3,B_S21_cal
36.83,2.1899999999999977,9.930136612989092e-16,3,B_S21_cal
37.0,2.1900000000000013,,1,B_S21_cal
37.17,2.1900000000000013,,1,B_S21_cal
